expiration;strike;type;mark;Vol_impli
2025-05-02;100.0;call;97.05;1.7407857258929234
2025-05-02;100.0;put;0.01;1.6070404430921301
2025-05-02;110.0;call;87.5;2.1968938132173887
2025-05-02;110.0;put;0.03;1.5420175948653716
2025-05-02;120.0;call;77.6;1.9686086188952188
2025-05-02;120.0;put;0.05;1.4014493945647124
2025-05-02;125.0;call;72.5;1.764145116057717
2025-05-02;125.0;put;0.07;1.3466158244656226
2025-05-02;130.0;call;67.18;1.3569497446077947
2025-05-02;130.0;put;0.09;1.2797815657427034
2025-05-02;135.0;call;62.25;1.319466807256283
2025-05-02;135.0;put;0.11;1.2058622614627479
2025-05-02;140.0;call;57.72;1.4829286598223754
2025-05-02;140.0;put;0.15;1.1503095811298978
2025-05-02;145.0;call;52.77;1.3743255983853144
2025-05-02;145.0;put;0.21;1.1000767289226736
2025-05-02;150.0;call;47.4;1.0842711572602282
2025-05-02;150.0;put;0.28;1.0421285901248913
2025-05-02;155.0;call;42.95;1.1815038419290322
2025-05-02;155.0;put;0.39;0.9922876064338529
2025-05-02;160.0;call;37.72;0.985716124307874
2025-05-02;160.0;put;0.54;0.941775958025843
2025-05-02;165.0;call;32.98;0.9390027858724754
2025-05-02;165.0;put;0.77;0.8976989434388019
2025-05-02;170.0;call;28.33;0.8912298392740624
2025-05-02;170.0;put;1.11;0.8573103904104485
2025-05-02;172.5;call;26.02;0.8618397344676482
2025-05-02;172.5;put;1.32;0.8354131755339601
2025-05-02;175.0;call;23.9;0.8585272141110408
2025-05-02;175.0;put;1.58;0.8155561244759386
2025-05-02;177.5;call;21.73;0.8376153978980626
2025-05-02;177.5;put;1.91;0.799148732032877
2025-05-02;180.0;call;19.5;0.801438819137754
2025-05-02;180.0;put;2.28;0.7800239376454755
2025-05-02;182.5;call;17.55;0.7944668555760468
2025-05-02;182.5;put;2.75;0.765306593601741
2025-05-02;185.0;call;15.5;0.7660012098943615
2025-05-02;185.0;put;3.25;0.7448399171218951
2025-05-02;187.5;call;13.6;0.7458606997274945
2025-05-02;187.5;put;3.85;0.7262520567845928
2025-05-02;190.0;call;11.8;0.7264869585519433
2025-05-02;190.0;put;4.55;0.7081032506509433
2025-05-02;192.5;call;10.27;0.7230156881572605
2025-05-02;192.5;put;5.4;0.6940665139403362
2025-05-02;195.0;call;8.62;0.6968186382803914
2025-05-02;195.0;put;6.35;0.678107270203685
2025-05-02;197.5;call;7.15;0.676088678396157
2025-05-02;197.5;put;7.42;0.6613874397038706
2025-05-02;200.0;call;5.88;0.6615669513151746
2025-05-02;200.0;put;8.65;0.6468729827205723
2025-05-02;202.5;call;4.72;0.6443886968053644
2025-05-02;202.5;put;10.0;0.6303390578123856
2025-05-02;205.0;call;3.7;0.6269146796433435
2025-05-02;205.0;put;11.4;0.6041773568498823
2025-05-02;207.5;call;2.92;0.6197142466189548
2025-05-02;207.5;put;13.15;0.5986022797958783
2025-05-02;210.0;call;2.25;0.6108179567056204
2025-05-02;210.0;put;14.93;0.5815510101247837
2025-05-02;212.5;call;1.69;0.6008698255408823
2025-05-02;212.5;put;17.02;0.5883310648548866
2025-05-02;215.0;call;1.27;0.5956991749062626
2025-05-02;215.0;put;19.05;0.5734032715644647
2025-05-02;217.5;call;0.95;0.5928884097794942
2025-05-02;217.5;put;21.12;0.5447674569742514
2025-05-02;220.0;call;0.7;0.5901341233001091
2025-05-02;220.0;put;23.43;0.5461891087861568
2025-05-02;225.0;call;0.4;0.5966320121020279
2025-05-02;225.0;put;28.15;0.5366245642787755
2025-05-02;230.0;call;0.24;0.6108086126162474
2025-05-02;235.0;call;0.15;0.6287917483277743
2025-05-02;240.0;call;0.1;0.6513988050913887
2025-05-02;240.0;put;43.0;0.6414613405655263
2025-05-02;245.0;call;0.07;0.6762531428159793
2025-05-02;245.0;put;47.92;0.5559203127379198
2025-05-02;250.0;call;0.07;0.7298671946420306
2025-05-02;250.0;put;53.0;0.7580376723361938
2025-05-02;255.0;call;0.04;0.7322667184344633
2025-05-02;255.0;put;58.02;0.8347523847690093
2025-05-02;260.0;call;0.03;0.7565403964926758
2025-05-02;260.0;put;63.25;1.045558405336497
2025-05-02;265.0;call;0.01;0.7222529321965356
2025-05-02;265.0;put;68.22;1.088726995857966
2025-05-02;270.0;call;0.01;0.7631135401305879
2025-05-02;270.0;put;73.05;1.0264324236161222
2025-05-02;275.0;call;0.01;0.8029945088758359
2025-05-02;275.0;put;78.07;1.0967931181255401
2025-05-02;280.0;call;0.01;0.841947394541455
2025-05-02;280.0;put;83.17;1.2243257562763774
2025-05-02;285.0;call;0.01;0.8800189566394386
2025-05-02;285.0;put;88.1;1.2246675453162927
2025-05-02;290.0;call;0.01;0.9172518558765825
2025-05-02;290.0;put;92.92;1.0212653978335242
2025-05-02;295.0;call;0.01;0.9536852117600945
2025-05-02;295.0;put;98.05;1.2771643879370234
2025-05-02;300.0;call;0.01;0.9893550551558128
2025-05-02;300.0;put;102.97;1.222360048346496
2025-05-02;305.0;call;0.01;1.0242947006492678
2025-05-02;305.0;put;108.28;1.5465453600721049
2025-05-02;310.0;call;0.01;1.0585350566541516
2025-05-02;310.0;put;113.25;1.5761023623003363
2025-05-02;315.0;call;0.01;1.092104886469192
2025-05-02;315.0;put;118.35;1.6826620059045725
2025-05-02;320.0;call;0.01;1.1250310301641429
2025-05-02;320.0;put;123.25;1.6689301753314927
2025-05-02;325.0;call;0.01;1.1573385947987436
2025-05-02;325.0;put;128.07;1.5682766741768037
2025-05-30;110.0;call;87.45;0.8774215103321864
2025-05-30;110.0;put;0.2;0.8648720425288395
2025-05-30;120.0;call;77.53;0.7859611660560312
2025-05-30;120.0;put;0.3;0.7948122989427722
2025-05-30;125.0;call;72.62;0.7580441344609158
2025-05-30;125.0;put;0.38;0.7656355073809835
2025-05-30;130.0;call;67.75;0.7361914599008679
2025-05-30;130.0;put;0.46;0.7316729905834229
2025-05-30;135.0;call;62.92;0.7160434460414103
2025-05-30;135.0;put;0.57;0.7014710474223791
2025-05-30;140.0;call;57.85;0.6406982493266712
2025-05-30;140.0;put;0.71;0.6726763102615407
2025-05-30;145.0;call;53.47;0.6857277019383913
2025-05-30;145.0;put;0.89;0.6454114400713687
2025-05-30;150.0;call;48.55;0.6336956988242625
2025-05-30;150.0;put;1.11;0.618017842078301
2025-05-30;155.0;call;43.52;0.5686445571089488
2025-05-30;155.0;put;1.4;0.5928338616922036
2025-05-30;160.0;call;39.83;0.6311841259666572
2025-05-30;160.0;put;1.78;0.5695701634457199
2025-05-30;165.0;call;34.38;0.5280619029844676
2025-05-30;165.0;put;2.27;0.5476219393871159
2025-05-30;170.0;call;30.55;0.5460403123112639
2025-05-30;170.0;put;2.89;0.5263020548239398
2025-05-30;175.0;call;26.38;0.5250308938022569
2025-05-30;175.0;put;3.72;0.5084701325311789
2025-05-30;180.0;call;22.42;0.5053514869113636
2025-05-30;180.0;put;4.67;0.4865508519866021
2025-05-30;185.0;call;18.68;0.4854707584849155
2025-05-30;185.0;put;5.92;0.4684877912737793
2025-05-30;190.0;call;15.07;0.4598703667221146
2025-05-30;190.0;put;7.45;0.4506833281927553
2025-05-30;195.0;call;11.95;0.4426210054905105
2025-05-30;195.0;put;9.3;0.43306849141320747
2025-05-30;200.0;call;9.15;0.4242530683285461
2025-05-30;200.0;put;11.57;0.41815769089674054
2025-05-30;205.0;call;6.78;0.4080579276066856
2025-05-30;205.0;put;14.18;0.40142350057826104
2025-05-30;210.0;call;4.85;0.3939191783669258
2025-05-30;210.0;put;17.25;0.3872959131871392
2025-05-30;215.0;call;3.33;0.3809944082199325
2025-05-30;215.0;put;20.73;0.3740791335969493
2025-05-30;220.0;call;2.21;0.3706218403763385
2025-05-30;220.0;put;25.33;0.4055735771142259
2025-05-30;225.0;call;1.47;0.3661459111040426
2025-05-30;225.0;put;29.1;0.3748717694028115
2025-05-30;230.0;call;0.95;0.36220111148322187
2025-05-30;230.0;put;33.55;0.37156881997666336
2025-05-30;235.0;call;0.64;0.36418842170503024
2025-05-30;235.0;put;38.1;0.3605133647635305
2025-05-30;240.0;call;0.44;0.3684407565602962
2025-05-30;240.0;put;42.83;0.3533401196009146
2025-05-30;245.0;call;0.31;0.37446461904582046
2025-05-30;245.0;put;47.6;0.3277364255710265
2025-05-30;250.0;call;0.23;0.3833907563378921
2025-05-30;250.0;put;52.95;0.43767052049457833
2025-05-30;255.0;call;0.16;0.3880285572776781
2025-05-30;255.0;put;57.52;0.35111683666328064
2025-05-30;260.0;call;0.11;0.3919518798674071
2025-05-30;260.0;put;63.1;0.522908857273594
2025-05-30;265.0;call;0.1;0.4098420507838452
2025-05-30;265.0;put;68.55;0.6132998681206363
2025-05-30;270.0;call;0.07;0.4135640953794104
2025-05-30;270.0;put;73.05;0.5736382988633231
2025-05-30;275.0;call;0.06;0.4267654454625215
2025-05-30;275.0;put;77.58;0.49047491142666105
2025-05-30;280.0;call;0.07;0.4547653922011084
2025-05-30;280.0;put;83.03;0.6259656804975776
2025-05-30;285.0;call;0.06;0.46642028910431127
2025-05-30;285.0;put;87.47;0.4911968216835194
2025-05-30;290.0;call;0.05;0.47600754478483553
2025-05-30;290.0;put;93.17;0.7032466306758889
2025-05-30;295.0;call;0.04;0.48302851366854843
2025-05-30;295.0;put;98.03;0.705127281766829
2025-05-30;300.0;call;0.03;0.4865713466306544
2025-05-30;300.0;put;103.08;0.7395561987206136
2025-05-30;305.0;call;0.01;0.4563749079775376
2025-05-30;305.0;put;107.9;0.7294138966707652
2025-05-30;310.0;call;0.03;0.5200790695085642
2025-05-30;310.0;put;113.07;0.7871693920967431
2025-05-30;315.0;call;0.01;0.48671295004061754
2025-05-30;315.0;put;118.17;0.8290056159090472
2025-05-30;320.0;call;0.01;0.5014437367228181
2025-05-30;320.0;put;122.53;0.6955683529484813
2025-05-30;325.0;call;0.01;0.5158976292060925
2025-05-30;325.0;put;127.45;0.6826731708444918
2025-06-20;10.0;put;0.01;2.451479887339504
2025-06-20;15.0;put;0.01;2.104182660834548
2025-06-20;20.0;put;0.01;1.8632075990843595
2025-06-20;25.0;put;0.01;1.6790377875037237
2025-06-20;30.0;put;0.01;1.5301571280164878
2025-06-20;35.0;put;0.01;1.4052909507298905
2025-06-20;40.0;put;0.01;1.2978017712524335
2025-06-20;45.0;put;0.01;1.2034561329756412
2025-06-20;50.0;put;0.01;1.1193904961703915
2025-06-20;55.0;call;142.18;0.9446198638279046
2025-06-20;55.0;put;0.03;1.1484467580812499
2025-06-20;60.0;call;137.25;1.1384009838328948
2025-06-20;60.0;put;0.03;1.0727728999363564
2025-06-20;65.0;call;132.28;1.0876100728012748
2025-06-20;65.0;put;0.04;1.0316818095517148
2025-06-20;70.0;call;127.32;1.05103818213852
2025-06-20;70.0;put;0.04;0.9657840909317328
2025-06-20;75.0;call;122.35;0.9992995067000752
2025-06-20;75.0;put;0.07;0.9589905610146471
2025-06-20;80.0;call;117.47;1.0218744775554294
2025-06-20;80.0;put;0.09;0.924268816360483
2025-06-20;85.0;call;112.57;1.0042557226564812
2025-06-20;85.0;put;0.1;0.8767336259312937
2025-06-20;90.0;call;107.6;0.9472540134219091
2025-06-20;90.0;put;0.14;0.8556337565775884
2025-06-20;95.0;call;102.67;0.9092957645659436
2025-06-20;95.0;put;0.17;0.8214681623923044
2025-06-20;100.0;call;97.6;0.815547040013848
2025-06-20;100.0;put;0.22;0.7959752635233377
2025-06-20;105.0;call;93.22;0.9301176061327611
2025-06-20;105.0;put;0.28;0.7703454307489209
2025-06-20;110.0;call;87.95;0.807849944069613
2025-06-20;110.0;put;0.34;0.7408070554263037
2025-06-20;115.0;call;83.35;0.8296248926280809
2025-06-20;115.0;put;0.42;0.7144784249489433
2025-06-20;120.0;call;78.22;0.7482260990011401
2025-06-20;120.0;put;0.51;0.6872413178324897
2025-06-20;125.0;call;73.35;0.7140031039690905
2025-06-20;125.0;put;0.62;0.6611027100576741
2025-06-20;130.0;call;68.55;0.6880389833911135
2025-06-20;130.0;put;0.77;0.6385172218209176
2025-06-20;135.0;call;63.8;0.6645898392086027
2025-06-20;135.0;put;0.94;0.6146312751923046
2025-06-20;140.0;call;58.9;0.6216290586339738
2025-06-20;140.0;put;1.15;0.5917723795656903
2025-06-20;145.0;call;54.17;0.5948749280247578
2025-06-20;145.0;put;1.41;0.5699190658749577
2025-06-20;150.0;call;49.58;0.5761399452808644
2025-06-20;150.0;put;1.72;0.5479920975345646
2025-06-20;155.0;call;45.08;0.5583108002577813
2025-06-20;155.0;put;2.15;0.5304517674202712
2025-06-20;160.0;call;40.62;0.537250668691656
2025-06-20;160.0;put;2.65;0.5115962057386081
2025-06-20;165.0;call;36.3;0.5185634415582524
2025-06-20;165.0;put;3.25;0.49266026374947397
2025-06-20;170.0;call;32.0;0.4949647792038813
2025-06-20;170.0;put;4.05;0.4776286025335478
2025-06-20;175.0;call;28.05;0.48115616213733153
2025-06-20;175.0;put;4.95;0.4599231100783556
2025-06-20;180.0;call;24.2;0.463837850794362
2025-06-20;180.0;put;6.1;0.44522522521692176
2025-06-20;185.0;call;20.57;0.44725101427854513
2025-06-20;185.0;put;7.4;0.42813956092053435
2025-06-20;190.0;call;17.1;0.4282559704765589
2025-06-20;190.0;put;9.03;0.4142871109061009
2025-06-20;195.0;call;14.0;0.41309098380645043
2025-06-20;195.0;put;10.9;0.39925170127455606
2025-06-20;200.0;call;11.18;0.3975818228739216
2025-06-20;200.0;put;13.1;0.3851638370835069
2025-06-20;205.0;call;8.7;0.3829133587264444
2025-06-20;205.0;put;15.62;0.3709015921533222
2025-06-20;210.0;call;6.58;0.36921654430176093
2025-06-20;210.0;put;18.52;0.3579324831999376
2025-06-20;215.0;call;4.85;0.35750152084167963
2025-06-20;215.0;put;21.93;0.3511873565856041
2025-06-20;220.0;call;3.5;0.34823839761081926
2025-06-20;220.0;put;25.75;0.34905802268973407
2025-06-20;225.0;call;2.48;0.34113222261817855
2025-06-20;225.0;put;29.7;0.34149722550959294
2025-06-20;230.0;call;1.71;0.33463522376027643
2025-06-20;230.0;put;34.1;0.3458812169975002
2025-06-20;235.0;call;1.19;0.3318443981136661
2025-06-20;235.0;put;38.73;0.35655112101808084
2025-06-20;240.0;call;0.85;0.33269139706017214
2025-06-20;240.0;put;43.5;0.3717380156576206
2025-06-20;245.0;call;0.6;0.33339766025960027
2025-06-20;245.0;put;48.08;0.3671274227949132
2025-06-20;250.0;call;0.44;0.33702511303582183
2025-06-20;250.0;put;53.3;0.4136074579311578
2025-06-20;255.0;call;0.33;0.34192348059740896
2025-06-20;255.0;put;58.25;0.4363736414249579
2025-06-20;260.0;call;0.25;0.3471278950567521
2025-06-20;260.0;put;63.12;0.45060721102946144
2025-06-20;265.0;call;0.2;0.35484324456891814
2025-06-20;265.0;put;67.75;0.435718876356116
2025-06-20;270.0;call;0.16;0.36203015804657196
2025-06-20;270.0;put;72.97;0.4849667854108188
2025-06-20;275.0;call;0.14;0.37311997762777943
2025-06-20;275.0;put;78.1;0.5223834618767553
2025-06-20;280.0;call;0.12;0.38258125953294564
2025-06-20;280.0;put;83.03;0.5384309594536872
2025-06-20;285.0;call;0.1;0.39015289557311317
2025-06-20;285.0;put;88.08;0.5665858866663975
2025-06-20;290.0;call;0.09;0.4008984617388573
2025-06-20;290.0;put;93.0;0.5802060757601587
2025-06-20;295.0;call;0.07;0.4043638474659495
2025-06-20;295.0;put;98.03;0.6053928753386284
2025-06-20;300.0;call;0.07;0.41902006178899537
2025-06-20;300.0;put;102.97;0.6199635851712949
2025-06-20;310.0;call;0.06;0.43997401494093547
2025-06-20;310.0;put;112.95;0.6591099343451043
2025-06-20;320.0;call;0.04;0.4478616691418124
2025-06-20;320.0;put;122.88;0.6904852924918924
2025-06-20;330.0;call;0.03;0.46000329167139287
2025-06-20;330.0;put;132.95;0.7377827368711003
2025-06-20;340.0;call;0.03;0.48357948740996154
2025-06-20;340.0;put;142.97;0.7776542321062715
2025-06-20;350.0;call;0.02;0.4882931028441969
2025-06-20;350.0;put;153.03;0.8212141768975422
2025-06-20;360.0;call;0.01;0.48139067418912823
2025-06-20;360.0;put;162.95;0.8466393676001289
2025-07-18;90.0;call;108.0;0.850471868088626
2025-07-18;90.0;put;0.26;0.7603330196742435
2025-07-18;95.0;call;103.1;0.8150599195667643
2025-07-18;95.0;put;0.32;0.7343787532890547
2025-07-18;100.0;call;98.53;0.8384754235826707
2025-07-18;100.0;put;0.4;0.7117557364575098
2025-07-18;105.0;call;93.45;0.7691294406443003
2025-07-18;105.0;put;0.47;0.6836218196546601
2025-07-18;110.0;call;88.62;0.7409976282425329
2025-07-18;110.0;put;0.57;0.6602809305934456
2025-07-18;115.0;call;84.03;0.7399567495451878
2025-07-18;115.0;put;0.68;0.6361669505372685
2025-07-18;120.0;call;79.03;0.6880968081358805
2025-07-18;120.0;put;0.82;0.6143165946791511
2025-07-18;125.0;call;74.1;0.6455393490319415
2025-07-18;125.0;put;1.0;0.5948019590386908
2025-07-18;130.0;call;69.38;0.6233608798147733
2025-07-18;130.0;put;1.2;0.5742016807244614
2025-07-18;135.0;call;64.88;0.6155274317229162
2025-07-18;135.0;put;1.44;0.5543940343719022
2025-07-18;140.0;call;60.03;0.5779931979450439
2025-07-18;140.0;put;1.73;0.5354886598071655
2025-07-18;145.0;call;55.45;0.5575378823772483
2025-07-18;145.0;put;2.09;0.5181012470085112
2025-07-18;150.0;call;50.95;0.5384237262710782
2025-07-18;150.0;put;2.52;0.5012045278100237
2025-07-18;155.0;call;46.52;0.5193382390185354
2025-07-18;155.0;put;3.02;0.4841072115323485
2025-07-18;160.0;call;42.17;0.5002668600092902
2025-07-18;160.0;put;3.65;0.4691312597806051
2025-07-18;165.0;call;38.05;0.4867077511143364
2025-07-18;165.0;put;4.4;0.45461645380320825
2025-07-18;170.0;call;33.9;0.46725819277621494
2025-07-18;170.0;put;5.25;0.4390750916665891
2025-07-18;175.0;call;29.98;0.45147796556976927
2025-07-18;175.0;put;6.3;0.4255730112731394
2025-07-18;180.0;call;26.27;0.4373779842099025
2025-07-18;180.0;put;7.62;0.4151880051901095
2025-07-18;185.0;call;22.68;0.42144994246968426
2025-07-18;185.0;put;8.98;0.39993890526309706
2025-07-18;190.0;call;19.4;0.4086845858725552
2025-07-18;190.0;put;10.62;0.3867320987484633
2025-07-18;195.0;call;16.3;0.39465376509766154
2025-07-18;195.0;put;12.52;0.37413888594480105
2025-07-18;200.0;call;13.5;0.38211711414642957
2025-07-18;200.0;put;14.75;0.3634085637370414
2025-07-18;205.0;call;10.98;0.3700456593814112
2025-07-18;205.0;put;17.2;0.3511373053645983
2025-07-18;210.0;call;8.73;0.35783315368070107
2025-07-18;210.0;put;19.95;0.3390937727937894
2025-07-18;215.0;call;6.8;0.34666003642595833
2025-07-18;215.0;put;23.25;0.3343388624253368
2025-07-18;220.0;call;5.17;0.336055754843978
2025-07-18;220.0;put;26.8;0.32920480251659556
2025-07-18;225.0;call;3.92;0.3291868813654602
2025-07-18;225.0;put;30.5;0.32074898531070917
2025-07-18;230.0;call;2.9;0.3222609286570535
2025-07-18;230.0;put;34.75;0.3244192514673572
2025-07-18;235.0;call;2.14;0.31769269497933333
2025-07-18;235.0;put;38.67;0.3064994079850625
2025-07-18;240.0;call;1.57;0.31444150976512103
2025-07-18;240.0;put;43.4;0.3191807016904727
2025-07-18;245.0;call;1.16;0.31308362639285087
2025-07-18;245.0;put;48.38;0.34322010537268427
2025-07-18;250.0;call;0.86;0.3127909336190362
2025-07-18;250.0;put;53.02;0.3459376062828586
2025-07-18;255.0;call;0.65;0.3142334929812028
2025-07-18;255.0;put;57.83;0.35609368666069285
2025-07-18;260.0;call;0.51;0.3180191973169899
2025-07-18;260.0;put;63.15;0.3997387507716421
2025-07-18;265.0;call;0.39;0.32023316490646914
2025-07-18;265.0;put;68.05;0.4150743031708373
2025-07-18;270.0;call;0.3;0.32274882070706234
2025-07-18;270.0;put;73.15;0.44306855873742906
2025-07-18;275.0;call;0.25;0.32908180020696426
2025-07-18;275.0;put;78.2;0.4672747194707322
2025-07-18;280.0;call;0.2;0.33308346917473713
2025-07-18;280.0;put;83.1;0.48088601047999796
2025-07-18;285.0;call;0.16;0.3368604026664106
2025-07-18;285.0;put;87.88;0.4847340238426088
2025-07-18;290.0;call;0.14;0.3443437796189948
2025-07-18;290.0;put;92.95;0.5093082143810717
2025-07-18;295.0;call;0.12;0.35053120102278235
2025-07-18;295.0;put;97.9;0.5244462119164135
2025-07-18;300.0;call;0.1;0.35518741793434416
2025-07-18;300.0;put;102.97;0.5483424780698556
2025-07-18;305.0;call;0.09;0.36278257959910176
2025-07-18;305.0;put;107.75;0.5491260387641199
2025-07-18;310.0;call;0.07;0.3640718273141531
2025-07-18;310.0;put;113.0;0.5867586314835243
2025-07-18;315.0;call;0.08;0.38088094130238825
2025-07-18;315.0;put;117.93;0.5989226239781721
2025-07-18;320.0;call;0.06;0.37998027857377026
2025-07-18;320.0;put;123.28;0.6423049217220798
2025-07-18;325.0;call;0.07;0.39709794346896743
2025-07-18;325.0;put;128.18;0.6521619829316576
2025-07-18;330.0;call;0.04;0.38494852016688735
2025-07-18;330.0;put;133.0;0.6552847086419664
2025-07-18;340.0;call;0.04;0.4046276102541604
2025-07-18;340.0;put;143.0;0.6878545843540771
2025-07-18;350.0;call;0.04;0.4236072077631671
2025-07-18;350.0;put;152.98;0.717823573144856
2025-07-18;360.0;call;0.01;0.39202583305921945
2025-07-18;360.0;put;162.95;0.7460175644282184
2025-07-18;370.0;call;0.01;0.4081339707549428
2025-07-18;370.0;put;173.03;0.7821320709163706
2025-07-18;380.0;call;0.01;0.4237387657991179
2025-07-18;380.0;put;182.9;0.8005395946072755
2025-07-18;390.0;call;0.02;0.4640739783031955
2025-07-18;390.0;put;193.05;0.8407719518007605
2025-07-18;400.0;call;0.01;0.4535578589681837
2025-07-18;400.0;put;202.9;0.8560557289960352
2025-08-15;90.0;call;108.3;0.7708664768488838
2025-08-15;90.0;put;0.42;0.708488361379931
2025-08-15;95.0;call;103.72;0.7851428130070628
2025-08-15;95.0;put;0.51;0.6854857643716628
2025-08-15;100.0;call;98.78;0.7402634176429758
2025-08-15;100.0;put;0.6;0.6603758627994298
2025-08-15;105.0;call;94.07;0.7245880462276532
2025-08-15;105.0;put;0.72;0.6388229108585195
2025-08-15;110.0;call;88.95;0.6618205419021743
2025-08-15;110.0;put;0.86;0.6179401068829663
2025-08-15;115.0;call;84.6;0.6786140800995203
2025-08-15;115.0;put;1.04;0.5996695895678161
2025-08-15;120.0;call;79.6;0.6314619517068406
2025-08-15;120.0;put;1.23;0.579723564134785
2025-08-15;125.0;call;74.9;0.6094770548250256
2025-08-15;125.0;put;1.47;0.5620293864205134
2025-08-15;130.0;call;70.25;0.5890283633445358
2025-08-15;130.0;put;1.74;0.5439834612904377
2025-08-15;135.0;call;65.65;0.5694677524763465
2025-08-15;135.0;put;2.06;0.5267769545314069
2025-08-15;140.0;call;61.1;0.5503159531134284
2025-08-15;140.0;put;2.46;0.5116002739337896
2025-08-15;145.0;call;56.62;0.532172451674051
2025-08-15;145.0;put;2.9;0.49535876833443027
2025-08-15;150.0;call;52.2;0.5140580685368226
2025-08-15;150.0;put;3.42;0.47989406517394095
2025-08-15;155.0;call;47.85;0.49606868655515585
2025-08-15;155.0;put;4.08;0.4670936296395657
2025-08-15;160.0;call;43.73;0.48358033266970646
2025-08-15;160.0;put;4.8;0.4528113820700021
2025-08-15;165.0;call;39.65;0.468678527989368
2025-08-15;165.0;put;5.67;0.4400897627838877
2025-08-15;170.0;call;35.65;0.45277036305542645
2025-08-15;170.0;put;6.67;0.4275082335135483
2025-08-15;175.0;call;31.88;0.4399156446429316
2025-08-15;175.0;put;7.83;0.41548024753398777
2025-08-15;180.0;call;28.25;0.42678837945191694
2025-08-15;180.0;put;9.15;0.40348293046341643
2025-08-15;185.0;call;24.9;0.4165766212203066
2025-08-15;185.0;put;10.7;0.39286958801205946
2025-08-15;190.0;call;21.58;0.40254152534652754
2025-08-15;190.0;put;12.45;0.3823359702206261
2025-08-15;195.0;call;18.6;0.39197400358613504
2025-08-15;195.0;put;14.38;0.37106119381050123
2025-08-15;200.0;call;15.82;0.3810912239631908
2025-08-15;200.0;put;16.57;0.3606014497052335
2025-08-15;205.0;call;13.27;0.3703358828492368
2025-08-15;205.0;put;19.0;0.3501754693493778
2025-08-15;210.0;call;10.95;0.3594875088702786
2025-08-15;210.0;put;21.7;0.340249753065093
2025-08-15;215.0;call;8.93;0.350057068677692
2025-08-15;215.0;put;24.7;0.3314403647600928
2025-08-15;220.0;call;7.15;0.3406375030505923
2025-08-15;220.0;put;28.2;0.32905807686188177
2025-08-15;225.0;call;5.67;0.33293956117834755
2025-08-15;225.0;put;31.62;0.31862694164026406
2025-08-15;230.0;call;4.42;0.32555801888183755
2025-08-15;230.0;put;35.48;0.31422463259053335
2025-08-15;235.0;call;3.45;0.3207085575025908
2025-08-15;235.0;put;39.52;0.3095447750385633
2025-08-15;240.0;call;2.62;0.314730702383009
2025-08-15;240.0;put;44.02;0.316090119809939
2025-08-15;245.0;call;2.01;0.3114435485095042
2025-08-15;245.0;put;48.8;0.33078223442268406
2025-08-15;250.0;call;1.54;0.30914775303308395
2025-08-15;250.0;put;53.33;0.33286783200758363
2025-08-15;255.0;call;1.2;0.308875534363708
2025-08-15;255.0;put;58.2;0.34795313993503435
2025-08-15;260.0;call;0.94;0.30934210259483025
2025-08-15;260.0;put;63.1;0.3634801143045031
2025-08-15;265.0;call;0.73;0.3095159922981232
2025-08-15;265.0;put;67.78;0.36635481999033587
2025-08-15;270.0;call;0.57;0.31023671667543085
2025-08-15;270.0;put;73.17;0.4061649219735695
2025-08-15;275.0;call;0.46;0.3128399311916587
2025-08-15;275.0;put;78.05;0.4187917906598831
2025-08-15;280.0;call;0.38;0.31652345043517605
2025-08-15;280.0;put;83.0;0.43445741864117865
2025-08-15;285.0;call;0.3;0.31779966100541285
2025-08-15;285.0;put;88.03;0.4540275531993784
2025-08-15;290.0;call;0.27;0.3251839058073846
2025-08-15;290.0;put;92.95;0.4671349970643325
2025-08-15;295.0;call;0.23;0.3296247891208172
2025-08-15;295.0;put;98.03;0.48879366227991716
2025-08-15;300.0;call;0.18;0.3300577627142045
2025-08-15;300.0;put;102.88;0.49707061107130246
2025-08-15;305.0;call;0.16;0.33594046675542333
2025-08-15;305.0;put;108.15;0.5288849066644965
2025-08-15;310.0;call;0.14;0.34086537851482046
2025-08-15;310.0;put;112.78;0.5237124008157479
2025-08-15;315.0;call;0.12;0.3446870814681956
2025-08-15;315.0;put;118.08;0.5571889400547861
2025-08-15;320.0;call;0.11;0.35104961197686024
2025-08-15;320.0;put;123.17;0.577932387872252
2025-08-15;325.0;call;0.1;0.35681512856266645
2025-08-15;325.0;put;128.05;0.5865122888616713
2025-08-15;330.0;call;0.1;0.36626180984933154
2025-08-15;330.0;put;132.9;0.5927823441611854
2025-08-15;340.0;call;0.07;0.36993219915379094
2025-08-15;340.0;put;143.02;0.6293708683837234
2025-08-15;350.0;call;0.06;0.3809772767792654
2025-08-15;350.0;put;152.8;0.6445836409267278
2025-08-15;360.0;call;0.04;0.38183852325500983
2025-08-15;360.0;put;163.05;0.687421284108733
2025-08-15;370.0;call;0.04;0.3971913176763886
2025-08-15;370.0;put;172.82;0.7003523795331134
2025-08-15;380.0;call;0.04;0.4120520864573853
2025-08-15;380.0;put;183.18;0.7481487035984901
2025-08-15;390.0;call;0.03;0.41542234029699326
2025-08-15;390.0;put;193.02;0.7641832762266588
2025-09-19;5.0;put;0.01;1.8976054948729875
2025-09-19;10.0;put;0.01;1.5158694939868378
2025-09-19;15.0;put;0.01;1.3014376672863668
2025-09-19;20.0;put;0.01;1.1526578295787815
2025-09-19;25.0;put;0.01;1.0389532958299423
2025-09-19;30.0;put;0.01;0.9470382476549509
2025-09-19;35.0;put;0.04;0.9835481039430265
2025-09-19;40.0;put;0.04;0.9085497753781074
2025-09-19;45.0;call;152.45;0.9009248098691682
2025-09-19;45.0;put;0.08;0.9055078456515778
2025-09-19;50.0;call;147.68;0.9744249397341435
2025-09-19;50.0;put;0.1;0.8640486846195254
2025-09-19;55.0;call;142.7;0.8978585504455284
2025-09-19;55.0;put;0.13;0.8312875424741042
2025-09-19;60.0;call;137.78;0.8558942498937794
2025-09-19;60.0;put;0.17;0.8031752471708151
2025-09-19;65.0;call;133.05;0.8758483658652932
2025-09-19;65.0;put;0.21;0.7727287716628382
2025-09-19;70.0;call;127.95;0.7800723371660184
2025-09-19;70.0;put;0.27;0.7493122569753504
2025-09-19;75.0;call;123.4;0.8268521453033172
2025-09-19;75.0;put;0.33;0.7232076834331769
2025-09-19;80.0;call;118.4;0.7685830594099755
2025-09-19;80.0;put;0.41;0.7010670191959124
2025-09-19;85.0;call;113.58;0.7445496516406237
2025-09-19;85.0;put;0.49;0.6767263215254103
2025-09-19;90.0;call;108.75;0.7175411128966989
2025-09-19;90.0;put;0.59;0.6549122334865252
2025-09-19;95.0;call;103.95;0.6935400091084103
2025-09-19;95.0;put;0.71;0.6345955063938916
2025-09-19;100.0;call;99.12;0.6651329986290497
2025-09-19;100.0;put;0.84;0.6137552105571786
2025-09-19;105.0;call;94.47;0.6536867953487051
2025-09-19;105.0;put;1.0;0.5948794362520198
2025-09-19;110.0;call;89.65;0.6244704908122329
2025-09-19;110.0;put;1.19;0.5771292052941341
2025-09-19;115.0;call;85.12;0.6167725437895397
2025-09-19;115.0;put;1.41;0.5599458783730444
2025-09-19;120.0;call;80.4;0.5926179982644627
2025-09-19;120.0;put;1.65;0.5421960911509323
2025-09-19;125.0;call;75.78;0.5735425351225099
2025-09-19;125.0;put;1.94;0.5259334797008797
2025-09-19;130.0;call;71.28;0.5590403110975405
2025-09-19;130.0;put;2.28;0.5104776606861607
2025-09-19;135.0;call;66.8;0.5429664612283842
2025-09-19;135.0;put;2.69;0.49640154817150994
2025-09-19;140.0;call;62.27;0.5226165145437505
2025-09-19;140.0;put;3.12;0.4806977571706688
2025-09-19;145.0;call;57.88;0.5062396927567177
2025-09-19;145.0;put;3.67;0.4677990854271019
2025-09-19;150.0;call;53.6;0.491610568273294
2025-09-19;150.0;put;4.28;0.4543789664295116
2025-09-19;155.0;call;49.42;0.47776556371051715
2025-09-19;155.0;put;5.05;0.44370160619403487
2025-09-19;160.0;call;45.3;0.4631071676031843
2025-09-19;160.0;put;5.85;0.4307450378104203
2025-09-19;165.0;call;41.38;0.45141980633941997
2025-09-19;165.0;put;6.8;0.41918111862844554
2025-09-19;170.0;call;37.5;0.43775677252628753
2025-09-19;170.0;put;7.88;0.4078809217320272
2025-09-19;175.0;call;33.85;0.4268073992226434
2025-09-19;175.0;put;9.07;0.39601032187832935
2025-09-19;180.0;call;30.3;0.41490864449833303
2025-09-19;180.0;put;10.53;0.38706370101012016
2025-09-19;185.0;call;26.9;0.4030421738153808
2025-09-19;185.0;put;12.07;0.3761446894238102
2025-09-19;190.0;call;23.77;0.39347242688853834
2025-09-19;190.0;put;13.82;0.3659818810064412
2025-09-19;195.0;call;20.73;0.3820830002788185
2025-09-19;195.0;put;15.82;0.35704982969008875
2025-09-19;200.0;call;17.93;0.3717953538541509
2025-09-19;200.0;put;17.95;0.346628207040867
2025-09-19;205.0;call;15.32;0.3613629223181447
2025-09-19;205.0;put;20.43;0.33896032099364154
2025-09-19;210.0;call;12.97;0.3520212492855214
2025-09-19;210.0;put;23.02;0.3290529741863845
2025-09-19;215.0;call;10.82;0.342444381965955
2025-09-19;215.0;put;25.85;0.31937369209689814
2025-09-19;220.0;call;8.98;0.33489260222695133
2025-09-19;220.0;put;29.12;0.3142079872738374
2025-09-19;225.0;call;7.33;0.32693964950390764
2025-09-19;225.0;put;32.8;0.31365603981135476
2025-09-19;230.0;call;5.92;0.3198268161136079
2025-09-19;230.0;put;36.33;0.30512539037092695
2025-09-19;235.0;call;4.72;0.3131629809502714
2025-09-19;235.0;put;40.5;0.3082595906683691
2025-09-19;240.0;call;3.78;0.30885600395619395
2025-09-19;240.0;put;44.77;0.3108733978619519
2025-09-19;245.0;call;3.0;0.30491683134281294
2025-09-19;245.0;put;48.65;0.29741769156293363
2025-09-19;250.0;call;2.34;0.3005689222440151
2025-09-19;250.0;put;53.5;0.3123554627598487
2025-09-19;255.0;call;1.85;0.2983969868872437
2025-09-19;255.0;put;58.2;0.3207269589359287
2025-09-19;260.0;call;1.46;0.2967465677723332
2025-09-19;260.0;put;63.05;0.33350170526686806
2025-09-19;265.0;call;1.16;0.29604936357218326
2025-09-19;265.0;put;68.2;0.3574573048563156
2025-09-19;270.0;call;0.93;0.29622432669723503
2025-09-19;270.0;put;73.05;0.3690711657007504
2025-09-19;275.0;call;0.73;0.29538019146044636
2025-09-19;275.0;put;78.22;0.39312504153789174
2025-09-19;280.0;call;0.6;0.2972477444403833
2025-09-19;280.0;put;82.8;0.39221953931665793
2025-09-19;285.0;call;0.49;0.29873475299665236
2025-09-19;285.0;put;87.75;0.40623382838365163
2025-09-19;290.0;call;0.41;0.30135882140642506
2025-09-19;290.0;put;92.92;0.42969243005365587
2025-09-19;295.0;call;0.35;0.3047770936528631
2025-09-19;295.0;put;97.85;0.442211212664562
2025-09-19;300.0;call;0.29;0.3066644705300106
2025-09-19;300.0;put;103.12;0.4693858938134457
2025-09-19;305.0;call;0.26;0.31189500263890146
2025-09-19;305.0;put;108.3;0.49214377454620933
2025-09-19;310.0;call;0.23;0.3162851347576646
2025-09-19;310.0;put;113.22;0.5035970623534105
2025-09-19;320.0;call;0.17;0.3220586508618122
2025-09-19;320.0;put;122.9;0.5182143167513599
2025-09-19;330.0;call;0.15;0.3343156583909526
2025-09-19;330.0;put;133.07;0.553659890166713
2025-09-19;340.0;call;0.12;0.34177716950600884
2025-09-19;340.0;put;142.93;0.5741439130090787
2025-09-19;350.0;call;0.09;0.34613118375254776
2025-09-19;350.0;put;152.88;0.5978096627422679
2025-09-19;360.0;call;0.08;0.3563806727390823
2025-09-19;360.0;put;162.85;0.6216107004884338
2025-09-19;370.0;call;0.07;0.3654106162779633
2025-09-19;370.0;put;172.95;0.6508004459484088
2025-09-19;380.0;call;0.07;0.3789503320240483
2025-09-19;380.0;put;183.12;0.6824664682461306
2025-09-19;390.0;call;0.06;0.3860630950950594
2025-09-19;390.0;put;193.0;0.7001580305045608
2025-10-17;90.0;call;109.15;0.6905701014249006
2025-10-17;90.0;put;0.72;0.6222602129109838
2025-10-17;95.0;call;104.53;0.681462661175189
2025-10-17;95.0;put;0.85;0.6019830787903641
2025-10-17;100.0;call;99.95;0.671186975548632
2025-10-17;100.0;put;1.02;0.5848760954519601
2025-10-17;105.0;call;94.65;0.6024699035856849
2025-10-17;105.0;put;1.2;0.5667426122496811
2025-10-17;110.0;call;90.4;0.6154806925652488
2025-10-17;110.0;put;1.41;0.5495587100802279
2025-10-17;115.0;call;85.75;0.5953661450625795
2025-10-17;115.0;put;1.67;0.5343731790877853
2025-10-17;120.0;call;81.18;0.5784085747773665
2025-10-17;120.0;put;1.96;0.519055567133089
2025-10-17;125.0;call;76.62;0.560245188413694
2025-10-17;125.0;put;2.29;0.5040638383526101
2025-10-17;130.0;call;72.17;0.5454910990001198
2025-10-17;130.0;put;2.69;0.4906522369127006
2025-10-17;135.0;call;67.67;0.5267477019903428
2025-10-17;135.0;put;3.12;0.47633451400263965
2025-10-17;140.0;call;63.28;0.5107273884019349
2025-10-17;140.0;put;3.62;0.4628111457164205
2025-10-17;145.0;call;58.95;0.4949712659339696
2025-10-17;145.0;put;4.2;0.45002500819007685
2025-10-17;150.0;call;54.67;0.4789573914187634
2025-10-17;150.0;put;4.9;0.4388859981648016
2025-10-17;155.0;call;50.6;0.46714169219083473
2025-10-17;155.0;put;5.7;0.42813434336080575
2025-10-17;160.0;call;46.58;0.4542184276565577
2025-10-17;160.0;put;6.55;0.4160655784626848
2025-10-17;165.0;call;42.67;0.4417015761766228
2025-10-17;165.0;put;7.55;0.40529725921239756
2025-10-17;170.0;call;38.9;0.4300166931544563
2025-10-17;170.0;put;8.72;0.3957948096351743
2025-10-17;175.0;call;35.2;0.4172971666678024
2025-10-17;175.0;put;10.0;0.3857547173838935
2025-10-17;180.0;call;31.65;0.4051601853819289
2025-10-17;180.0;put;11.43;0.3758856554437975
2025-10-17;185.0;call;28.32;0.39471189451583016
2025-10-17;185.0;put;12.95;0.36473823484697415
2025-10-17;190.0;call;25.17;0.38479381495806403
2025-10-17;190.0;put;14.8;0.35686585693438283
2025-10-17;195.0;call;22.25;0.3761198455360966
2025-10-17;195.0;put;16.77;0.3478129235737863
2025-10-17;200.0;call;19.45;0.3664293138586971
2025-10-17;200.0;put;18.95;0.3391502584684596
2025-10-17;205.0;call;16.85;0.35708613725078575
2025-10-17;205.0;put;21.35;0.330886485891669
2025-10-17;210.0;call;14.47;0.3483231508124268
2025-10-17;210.0;put;23.92;0.32196772050918326
2025-10-17;215.0;call;12.25;0.33892836062076537
2025-10-17;215.0;put;26.85;0.3158538081966843
2025-10-17;220.0;call;10.35;0.3318718994591289
2025-10-17;220.0;put;29.62;0.30254680043288745
2025-10-17;225.0;call;8.55;0.32295381553060887
2025-10-17;225.0;put;33.3;0.30312957126765255
2025-10-17;230.0;call;7.08;0.31683357113343685
2025-10-17;230.0;put;36.98;0.30017510717455786
2025-10-17;235.0;call;5.83;0.3116541629664744
2025-10-17;235.0;put;40.7;0.2942140778184228
2025-10-17;240.0;call;4.72;0.3058775120446928
2025-10-17;240.0;put;44.95;0.2973760075843592
2025-10-17;245.0;call;3.77;0.3001617727023495
2025-10-17;245.0;put;49.33;0.30134321456620905
2025-10-17;250.0;call;3.06;0.2973299920905843
2025-10-17;250.0;put;53.7;0.3025783177990843
2025-10-17;255.0;call;2.44;0.2937653046631728
2025-10-17;255.0;put;58.67;0.32006673900264737
2025-10-17;260.0;call;1.95;0.291220473732089
2025-10-17;260.0;put;63.08;0.31884258899103035
2025-10-17;265.0;call;1.57;0.28981370398942174
2025-10-17;265.0;put;68.5;0.3498137063422385
2025-10-17;270.0;call;1.27;0.2891104905195871
2025-10-17;270.0;put;73.08;0.352457975337409
2025-10-17;275.0;call;1.04;0.2894121902852848
2025-10-17;275.0;put;78.08;0.36864480799816474
2025-10-17;280.0;call;0.84;0.28905574776972787
2025-10-17;280.0;put;83.0;0.38159070050940336
2025-10-17;285.0;call;0.7;0.2905312007860794
2025-10-17;285.0;put;88.1;0.40062804347202596
2025-10-17;290.0;call;0.58;0.2916798897082619
2025-10-17;290.0;put;93.03;0.41321153077823675
2025-10-17;295.0;call;0.48;0.29275865807217805
2025-10-17;295.0;put;98.35;0.4395338985538458
2025-10-17;300.0;call;0.41;0.295278122698815
2025-10-17;300.0;put;102.85;0.43572223209679695
2025-10-17;305.0;call;0.34;0.29634997860382745
2025-10-17;305.0;put;107.95;0.4537058766318318
2025-10-17;310.0;call;0.31;0.30147645590058636
2025-10-17;310.0;put;112.82;0.4626364183600145
2025-10-17;315.0;call;0.24;0.2994844541224632
2025-10-17;315.0;put;118.38;0.4972777359694954
2025-10-17;320.0;call;0.23;0.3062549591509487
2025-10-17;320.0;put;122.85;0.490869630197069
2025-10-17;325.0;call;0.2;0.30884449184241675
2025-10-17;325.0;put;128.07;0.5125395982965025
2025-10-17;330.0;call;0.16;0.30808337228631416
2025-10-17;330.0;put;132.93;0.5201487452562416
2025-10-17;335.0;call;0.16;0.3158170107897537
2025-10-17;335.0;put;138.07;0.5383197463638112
2025-10-17;340.0;call;0.15;0.32087705144023054
2025-10-17;340.0;put;142.95;0.5462540291558977
2025-10-17;345.0;call;0.14;0.32558703869589634
2025-10-17;345.0;put;148.3;0.571992126487949
2025-10-17;350.0;call;0.12;0.3268920808188764
2025-10-17;350.0;put;153.07;0.5754609908343504
2025-10-17;355.0;call;0.11;0.3306147775547703
2025-10-17;355.0;put;157.93;0.5820022664129532
2025-10-17;360.0;call;0.1;0.333889020425446
2025-10-17;360.0;put;162.8;0.588644063221218
2025-10-17;370.0;call;0.09;0.3431593177739226
2025-10-17;370.0;put;172.95;0.6177362412368518
2025-12-19;5.0;put;0.01;1.4934426118251756
2025-12-19;10.0;put;0.02;1.2674423836504065
2025-12-19;15.0;put;0.01;1.024745548738064
2025-12-19;20.0;put;0.04;1.027425000370747
2025-12-19;25.0;put;0.03;0.9004343016910611
2025-12-19;30.0;call;167.45;0.8897496498463373
2025-12-19;30.0;put;0.07;0.8934625820920803
2025-12-19;35.0;call;162.6;0.8956073809724511
2025-12-19;35.0;put;0.09;0.843584665230217
2025-12-19;40.0;call;157.6;0.7725405638825353
2025-12-19;40.0;put;0.14;0.8203971096833709
2025-12-19;45.0;call;152.82;0.8133839704459848
2025-12-19;45.0;put;0.17;0.7796685315768639
2025-12-19;50.0;call;148.43;0.907438030145296
2025-12-19;50.0;put;0.21;0.745782646613
2025-12-19;55.0;call;143.3;0.8071281302542107
2025-12-19;55.0;put;0.26;0.7162801127141428
2025-12-19;60.0;call;138.25;0.7288540434159068
2025-12-19;60.0;put;0.32;0.6896511519719459
2025-12-19;65.0;call;133.78;0.766697523938887
2025-12-19;65.0;put;0.39;0.6649732140152144
2025-12-19;70.0;call;128.95;0.7336304086645404
2025-12-19;70.0;put;0.47;0.6416728876756913
2025-12-19;75.0;call;124.38;0.73091093265196
2025-12-19;75.0;put;0.57;0.6211757475500056
2025-12-19;80.0;call;118.97;0.633573161642981
2025-12-19;80.0;put;0.68;0.6009152101646315
2025-12-19;85.0;call;114.68;0.6615066494302094
2025-12-19;85.0;put;0.8;0.580880604103998
2025-12-19;90.0;call;110.25;0.6619230870051704
2025-12-19;90.0;put;0.96;0.5644171388282748
2025-12-19;95.0;call;105.1;0.607059153955736
2025-12-19;95.0;put;1.14;0.5482321001391707
2025-12-19;100.0;call;100.78;0.6108310688360526
2025-12-19;100.0;put;1.35;0.5330076962143813
2025-12-19;105.0;call;95.92;0.5784453738867017
2025-12-19;105.0;put;1.57;0.5168865052505763
2025-12-19;110.0;call;91.35;0.5625634741790665
2025-12-19;110.0;put;1.85;0.5033085306892241
2025-12-19;115.0;call;86.8;0.5462676854908798
2025-12-19;115.0;put;2.16;0.4896501918439369
2025-12-19;120.0;call;82.3;0.530884393342827
2025-12-19;120.0;put;2.53;0.4773201587729477
2025-12-19;125.0;call;77.88;0.5172596971450686
2025-12-19;125.0;put;2.96;0.4657768368929595
2025-12-19;130.0;call;73.5;0.5034681168314296
2025-12-19;130.0;put;3.4;0.4526697738228726
2025-12-19;135.0;call;69.12;0.4881824056398817
2025-12-19;135.0;put;3.95;0.44187779716283615
2025-12-19;140.0;call;64.9;0.47636728430055714
2025-12-19;140.0;put;4.6;0.432295330723789
2025-12-19;145.0;call;60.77;0.46523597348487095
2025-12-19;145.0;put;5.25;0.420525201116272
2025-12-19;150.0;call;56.67;0.4530205216757769
2025-12-19;150.0;put;6.05;0.4109734006230057
2025-12-19;155.0;call;52.83;0.4451957426548219
2025-12-19;155.0;put;6.95;0.4017325544466432
2025-12-19;160.0;call;48.92;0.433592420694835
2025-12-19;160.0;put;7.95;0.3925776342347383
2025-12-19;165.0;call;45.02;0.4204065443039375
2025-12-19;165.0;put;9.07;0.38376065703652307
2025-12-19;170.0;call;41.4;0.41102335747464325
2025-12-19;170.0;put;10.35;0.37586119094075604
2025-12-19;175.0;call;37.85;0.40085259298994586
2025-12-19;175.0;put;11.75;0.36782619533473987
2025-12-19;180.0;call;34.65;0.3948413975421121
2025-12-19;180.0;put;13.25;0.35918138875153943
2025-12-19;185.0;call;31.27;0.38335165726526305
2025-12-19;185.0;put;14.93;0.35123967155917557
2025-12-19;190.0;call;28.25;0.37575763085450853
2025-12-19;190.0;put;16.77;0.3434587023429587
2025-12-19;195.0;call;25.3;0.3669407072906645
2025-12-19;195.0;put;18.77;0.3357035327063337
2025-12-19;200.0;call;22.55;0.3589482499074936
2025-12-19;200.0;put;20.98;0.3286544978693157
2025-12-19;205.0;call;19.95;0.3508690256132118
2025-12-19;205.0;put;23.38;0.32187651585230154
2025-12-19;210.0;call;17.5;0.34262658943084706
2025-12-19;210.0;put;25.88;0.3138764126747317
2025-12-19;215.0;call;15.27;0.33526002325334137
2025-12-19;215.0;put;28.65;0.3072778473662831
2025-12-19;220.0;call;13.23;0.3282662755020118
2025-12-19;220.0;put;31.68;0.3019448696261312
2025-12-19;225.0;call;11.38;0.32165063654566434
2025-12-19;225.0;put;34.88;0.29648104609751186
2025-12-19;230.0;call;9.7;0.3151137869277586
2025-12-19;230.0;put;38.33;0.29234811813898337
2025-12-19;235.0;call;8.18;0.308521625361752
2025-12-19;235.0;put;41.97;0.28874065043485114
2025-12-19;240.0;call;6.92;0.3038495925235242
2025-12-19;240.0;put;46.03;0.29047131178778923
2025-12-19;245.0;call;5.83;0.2997494301131549
2025-12-19;245.0;put;50.35;0.29539497918147634
2025-12-19;250.0;call;4.85;0.29519963031237473
2025-12-19;250.0;put;54.67;0.29862724009631697
2025-12-19;255.0;call;4.0;0.2907692029995785
2025-12-19;255.0;put;58.65;0.2920414851176604
2025-12-19;260.0;call;3.33;0.2880614511247904
2025-12-19;260.0;put;63.62;0.30739083906295783
2025-12-19;265.0;call;2.72;0.2843900036533021
2025-12-19;265.0;put;68.25;0.3136522150736409
2025-12-19;270.0;call;2.25;0.28234649435445713
2025-12-19;270.0;put;73.0;0.3221273130892195
2025-12-19;275.0;call;1.87;0.2810377567860272
2025-12-19;275.0;put;78.62;0.35304003532240413
2025-12-19;280.0;call;1.55;0.279845094331426
2025-12-19;280.0;put;83.12;0.3543167322466812
2025-12-19;285.0;call;1.3;0.2796093908759581
2025-12-19;285.0;put;88.35;0.3745218464827596
2025-12-19;290.0;call;1.09;0.27947932539726983
2025-12-19;290.0;put;93.53;0.393071801169696
2025-12-19;295.0;call;0.92;0.2798020960683086
2025-12-19;295.0;put;98.0;0.3920815314504954
2025-12-19;300.0;call;0.77;0.27974162728581475
2025-12-19;300.0;put;103.53;0.41978586404112345
2025-12-19;310.0;call;0.57;0.282378426014797
2025-12-19;310.0;put;113.45;0.4432612756238197
2025-12-19;320.0;call;0.42;0.28459900905877394
2025-12-19;320.0;put;122.82;0.4500042402549634
2025-12-19;330.0;call;0.33;0.28926439435954954
2025-12-19;330.0;put;133.5;0.4931411145612251
2025-12-19;340.0;call;0.27;0.2950834898753734
2025-12-19;340.0;put;142.77;0.49510764538996427
2025-12-19;350.0;call;0.22;0.30022923281575636
2025-12-19;350.0;put;153.47;0.5376221273682178
2025-12-19;360.0;call;0.18;0.3050836228660436
2025-12-19;360.0;put;162.78;0.5391557503969031
2025-12-19;370.0;call;0.15;0.31019757654903335
2025-12-19;370.0;put;173.18;0.5719121367230586
2025-12-19;380.0;call;0.14;0.3189895585577972
2025-12-19;380.0;put;182.95;0.5855430838235844
2025-12-19;390.0;call;0.12;0.32424866299177196
2025-12-19;390.0;put;192.8;0.6008968479342937
2025-12-19;400.0;call;0.12;0.33468888681568665
2025-12-19;400.0;put;203.07;0.628253218074528
2026-01-16;5.0;put;0.01;1.4132811284165328
2026-01-16;10.0;put;0.01;1.129362851330981
2026-01-16;15.0;put;0.01;0.9698887934955893
2026-01-16;20.0;put;0.04;0.9724928135724858
2026-01-16;25.0;put;0.03;0.8523434250840319
2026-01-16;30.0;call;167.52;0.8729979274102921
2026-01-16;30.0;put;0.09;0.869395206088956
2026-01-16;35.0;call;162.68;0.8665313808060003
2026-01-16;35.0;put;0.1;0.8081660233054737
2026-01-16;40.0;put;0.15;0.7832595678960721
2026-01-16;45.0;call;152.7;0.6433425421623492
2026-01-16;45.0;put;0.19;0.7486658336865496
2026-01-16;50.0;call;148.18;0.7876914836870517
2026-01-16;50.0;put;0.23;0.7146766208035578
2026-01-16;55.0;call;143.55;0.7974836392955608
2026-01-16;55.0;put;0.29;0.6885658860422681
2026-01-16;60.0;call;138.7;0.7588587725564634
2026-01-16;60.0;put;0.35;0.6615875814764854
2026-01-16;65.0;call;133.78;0.7121866261187721
2026-01-16;65.0;put;0.42;0.6368412379502539
2026-01-16;70.0;call;129.4;0.735090050596685
2026-01-16;70.0;put;0.51;0.6156258978760509
2026-01-16;75.0;call;124.57;0.7002756709489164
2026-01-16;75.0;put;0.61;0.5950136907916875
2026-01-16;80.0;call;119.75;0.6680480241863713
2026-01-16;80.0;put;0.73;0.5762755345549065
2026-01-16;85.0;call;115.05;0.6467846058402523
2026-01-16;85.0;put;0.88;0.559917101099065
2026-01-16;90.0;call;110.5;0.6352936739107538
2026-01-16;90.0;put;1.04;0.5430006978494354
2026-01-16;95.0;call;106.25;0.6387011633837382
2026-01-16;95.0;put;1.24;0.5283438081215708
2026-01-16;100.0;call;100.97;0.581360039384011
2026-01-16;100.0;put;1.46;0.5135696777822892
2026-01-16;105.0;call;96.45;0.5680717356501263
2026-01-16;105.0;put;1.71;0.49932289981537265
2026-01-16;110.0;call;91.88;0.5507606996062682
2026-01-16;110.0;put;2.01;0.4865209379736344
2026-01-16;115.0;call;87.38;0.535526426048988
2026-01-16;115.0;put;2.34;0.4735750982375979
2026-01-16;120.0;call;82.9;0.5198833255834285
2026-01-16;120.0;put;2.72;0.4613448398222488
2026-01-16;125.0;call;78.6;0.5094549651942537
2026-01-16;125.0;put;3.2;0.4515333343871462
2026-01-16;130.0;call;74.2;0.4939732801663763
2026-01-16;130.0;put;3.67;0.4392962744144242
2026-01-16;135.0;call;69.9;0.48039877504271394
2026-01-16;135.0;put;4.22;0.42814763216399376
2026-01-16;140.0;call;65.75;0.46958625710746477
2026-01-16;140.0;put;4.92;0.419761234492781
2026-01-16;145.0;call;61.75;0.4608379446513665
2026-01-16;145.0;put;5.62;0.40921497127876494
2026-01-16;150.0;call;57.6;0.4466597966780151
2026-01-16;150.0;put;6.5;0.4013775023082976
2026-01-16;155.0;call;53.62;0.43496091532908693
2026-01-16;155.0;put;7.4;0.39181903277105495
2026-01-16;160.0;call;49.92;0.4274411444943766
2026-01-16;160.0;put;8.45;0.3835419919217276
2026-01-16;165.0;call;46.03;0.4142188704713458
2026-01-16;165.0;put;9.62;0.3755614671652834
2026-01-16;170.0;call;42.52;0.40651803911151235
2026-01-16;170.0;put;10.88;0.3671334774667731
2026-01-16;175.0;call;39.02;0.396979122580916
2026-01-16;175.0;put;12.3;0.3594446802725156
2026-01-16;180.0;call;35.65;0.3877515962065316
2026-01-16;180.0;put;13.88;0.3522641243230425
2026-01-16;185.0;call;32.4;0.3785350883235027
2026-01-16;185.0;put;15.53;0.34395564756640473
2026-01-16;190.0;call;29.5;0.37283368642071296
2026-01-16;190.0;put;17.4;0.3368806119857284
2026-01-16;195.0;call;26.4;0.36187124959638756
2026-01-16;195.0;put;19.52;0.33128615977742093
2026-01-16;200.0;call;23.77;0.3559690042632056
2026-01-16;200.0;put;21.67;0.32369747587487513
2026-01-16;205.0;call;21.17;0.34827642913827994
2026-01-16;205.0;put;23.98;0.31606008000724073
2026-01-16;210.0;call;18.7;0.3402675560596694
2026-01-16;210.0;put;26.52;0.30933348351966694
2026-01-16;215.0;call;16.5;0.333977339726811
2026-01-16;215.0;put;29.38;0.3048245717203314
2026-01-16;220.0;call;14.35;0.3260730558696356
2026-01-16;220.0;put;32.35;0.29939930243588475
2026-01-16;225.0;call;12.48;0.3200181491338565
2026-01-16;225.0;put;35.52;0.2944451270680769
2026-01-16;230.0;call;10.8;0.31451238117698466
2026-01-16;230.0;put;38.6;0.28527964890841745
2026-01-16;235.0;call;9.22;0.30814863393735314
2026-01-16;235.0;put;42.5;0.287083894080504
2026-01-16;240.0;call;7.88;0.303321274308901
2026-01-16;240.0;put;46.38;0.2864251901535026
2026-01-16;245.0;call;6.67;0.29832478529482553
2026-01-16;245.0;put;50.35;0.28521482201787235
2026-01-16;250.0;call;5.6;0.29344556625721047
2026-01-16;250.0;put;54.98;0.29507913959870596
2026-01-16;255.0;call;4.7;0.28950623959319605
2026-01-16;255.0;put;59.27;0.2968922383560027
2026-01-16;260.0;call;3.95;0.2864664038276235
2026-01-16;260.0;put;63.5;0.29569415656367937
2026-01-16;265.0;call;3.3;0.28351508464597
2026-01-16;265.0;put;68.25;0.3049416751337816
2026-01-16;270.0;call;2.76;0.28120269486738664
2026-01-16;270.0;put;72.83;0.3093509644556388
2026-01-16;275.0;call;2.3;0.27906039031483004
2026-01-16;275.0;put;78.8;0.3466334592074003
2026-01-16;280.0;call;1.93;0.27776907874690726
2026-01-16;280.0;put;83.65;0.35714307035632803
2026-01-16;285.0;call;1.6;0.27597249554610775
2026-01-16;285.0;put;88.03;0.3557351737378454
2026-01-16;290.0;call;1.34;0.27507415497246723
2026-01-16;290.0;put;92.85;0.3643899242766015
2026-01-16;300.0;call;0.95;0.2743378733273287
2026-01-16;300.0;put;103.18;0.398384591511429
2026-01-16;310.0;call;0.72;0.2771637256563475
2026-01-16;310.0;put;112.85;0.41455102060169396
2026-01-16;320.0;call;0.52;0.2775871510896208
2026-01-16;320.0;put;123.32;0.4504159355698076
2026-01-16;330.0;call;0.41;0.28171908709924387
2026-01-16;330.0;put;132.97;0.46432789676460495
2026-01-16;340.0;call;0.33;0.2862778556516808
2026-01-16;340.0;put;143.0;0.4872917533978404
2026-01-16;350.0;call;0.28;0.29247034639231956
2026-01-16;350.0;put;152.82;0.5039758723888946
2026-01-16;360.0;call;0.24;0.29855453863343073
2026-01-16;360.0;put;162.85;0.5256175877431537
2026-01-16;370.0;call;0.21;0.3049555388228014
2026-01-16;370.0;put;173.12;0.5530547621922678
2026-01-16;380.0;call;0.19;0.31216911061440666
2026-01-16;380.0;put;182.85;0.565556870884034
2026-01-16;390.0;call;0.15;0.31393371107360846
2026-01-16;390.0;put;192.95;0.5874196049627065
2026-03-20;90.0;call;110.62;0.5626533942134195
2026-03-20;90.0;put;1.25;0.5081137785366053
2026-03-20;95.0;call;106.28;0.5619579107666292
2026-03-20;95.0;put;1.48;0.4947593638977805
2026-03-20;100.0;call;101.82;0.5510763146278872
2026-03-20;100.0;put;1.73;0.4812129242318932
2026-03-20;105.0;call;97.32;0.5366157703064266
2026-03-20;105.0;put;2.02;0.46859648028372425
2026-03-20;110.0;call;92.97;0.5269016940008
2026-03-20;110.0;put;2.35;0.45655515660952667
2026-03-20;115.0;call;88.32;0.5047629141573841
2026-03-20;115.0;put;2.74;0.4457035347345567
2026-03-20;120.0;call;84.08;0.49627988463846123
2026-03-20;120.0;put;3.22;0.43674149594974865
2026-03-20;125.0;call;79.67;0.48088139051190304
2026-03-20;125.0;put;3.67;0.4248803548638521
2026-03-20;130.0;call;75.35;0.46723943025803283
2026-03-20;130.0;put;4.25;0.4158170951583256
2026-03-20;135.0;call;71.28;0.4589927078290375
2026-03-20;135.0;put;4.9;0.40701200647811137
2026-03-20;140.0;call;67.18;0.4483292078419035
2026-03-20;140.0;put;5.67;0.39957499968493787
2026-03-20;145.0;call;63.15;0.4378599480139504
2026-03-20;145.0;put;6.47;0.39094613251013605
2026-03-20;150.0;call;59.38;0.43135421330432727
2026-03-20;150.0;put;7.38;0.3830301207717301
2026-03-20;155.0;call;55.5;0.42092814704631937
2026-03-20;155.0;put;8.35;0.37456416059296055
2026-03-20;160.0;call;51.67;0.41006747740463845
2026-03-20;160.0;put;9.48;0.3674374666488895
2026-03-20;165.0;call;48.2;0.40408057196840896
2026-03-20;165.0;put;10.7;0.3600668487833475
2026-03-20;170.0;call;44.52;0.3928746970499483
2026-03-20;170.0;put;12.1;0.3539000508370666
2026-03-20;175.0;call;41.1;0.3844165760422222
2026-03-20;175.0;put;13.5;0.3458113127757027
2026-03-20;180.0;call;37.85;0.37694131979311035
2026-03-20;180.0;put;15.12;0.33930982697405104
2026-03-20;185.0;call;34.7;0.3692578145556271
2026-03-20;185.0;put;16.88;0.33295096616268943
2026-03-20;190.0;call;31.72;0.36231113373020457
2026-03-20;190.0;put;18.77;0.32650539088095204
2026-03-20;195.0;call;29.12;0.3588938089135771
2026-03-20;195.0;put;20.9;0.3214309416385722
2026-03-20;200.0;call;26.17;0.3488425275856624
2026-03-20;200.0;put;23.12;0.31555570731155863
2026-03-20;210.0;call;21.17;0.3356343719211625
2026-03-20;210.0;put;28.05;0.30429832083860503
2026-03-20;220.0;call;16.85;0.3241365694539457
2026-03-20;220.0;put;33.7;0.29440933814380327
2026-03-20;230.0;call;13.03;0.31179655168027665
2026-03-20;230.0;put;40.6;0.2935853036875096
2026-03-20;240.0;call;9.85;0.3006001153317525
2026-03-20;240.0;put;47.2;0.280352536326045
2026-03-20;250.0;call;7.4;0.29257482396637474
2026-03-20;250.0;put;54.77;0.27353179246983506
2026-03-20;260.0;call;5.5;0.2861618998417413
2026-03-20;260.0;put;63.85;0.2868630234784304
2026-03-20;270.0;call;4.03;0.28057395598408497
2026-03-20;270.0;put;73.2;0.30214656582531557
2026-03-20;280.0;call;2.98;0.27738568854733586
2026-03-20;280.0;put;83.5;0.3345086190597262
2026-03-20;290.0;call;2.1;0.2719994109839875
2026-03-20;290.0;put;93.05;0.3504914677515658
2026-03-20;300.0;call;1.54;0.2703349635609969
2026-03-20;300.0;put;103.42;0.38226023608045523
2026-03-20;310.0;call;1.14;0.26967215645717946
2026-03-20;310.0;put;113.55;0.40815139220619945
2026-03-20;320.0;call;0.87;0.27074698831171085
2026-03-20;320.0;put;123.05;0.41994197730853794
2026-03-20;330.0;call;0.67;0.27219122727145895
2026-03-20;330.0;put;132.95;0.43928602866934674
2026-03-20;340.0;call;0.53;0.27466823803671675
2026-03-20;340.0;put;142.88;0.4585536305432228
2026-03-20;350.0;call;0.43;0.27794099734957406
2026-03-20;350.0;put;152.8;0.4769383311821643
2026-03-20;360.0;call;0.36;0.2821438184034793
2026-03-20;360.0;put;163.02;0.5013423109578177
2026-03-20;370.0;call;0.32;0.28829624756214073
2026-03-20;370.0;put;172.82;0.5159384547733218
2026-06-18;5.0;put;0.01;1.1288334456161033
2026-06-18;10.0;put;0.01;0.9024681613108045
2026-06-18;15.0;put;0.01;0.7753324914525848
2026-06-18;20.0;put;0.1;0.8576226958788387
2026-06-18;25.0;put;0.14;0.8037652452052154
2026-06-18;30.0;call;167.8;0.7262438559143043
2026-06-18;30.0;put;0.16;0.7445364865221327
2026-06-18;35.0;call;163.07;0.737923458730883
2026-06-18;35.0;put;0.22;0.7124145183213723
2026-06-18;40.0;call;158.27;0.7077076431826217
2026-06-18;40.0;put;0.27;0.6767435543346431
2026-06-18;45.0;call;153.55;0.6948046434987468
2026-06-18;45.0;put;0.31;0.6404134460745887
2026-06-18;50.0;call;149.0;0.7020857876445737
2026-06-18;50.0;put;0.38;0.6143002555948311
2026-06-18;55.0;call;143.97;0.6355563913121229
2026-06-18;55.0;put;0.46;0.5904843390494353
2026-06-18;60.0;call;139.62;0.6579247981670306
2026-06-18;60.0;put;0.56;0.5700336153106164
2026-06-18;65.0;call;134.85;0.6278967906813286
2026-06-18;65.0;put;0.67;0.5504116395190656
2026-06-18;70.0;call;130.2;0.6091377332745115
2026-06-18;70.0;put;0.8;0.5326768375116236
2026-06-18;75.0;call;125.7;0.5999535187925359
2026-06-18;75.0;put;0.96;0.5172359177615684
2026-06-18;80.0;call;120.95;0.573053387481755
2026-06-18;80.0;put;1.12;0.5007063857890218
2026-06-18;85.0;call;116.47;0.5621395264923491
2026-06-18;85.0;put;1.34;0.48805297767436134
2026-06-18;90.0;call;111.8;0.5402313465516545
2026-06-18;90.0;put;1.57;0.4746494024611936
2026-06-18;95.0;call;107.68;0.5425319034709499
2026-06-18;95.0;put;1.85;0.463021652990452
2026-06-18;100.0;call;102.88;0.5145904406648002
2026-06-18;100.0;put;2.16;0.4515521095726605
2026-06-18;105.0;call;98.53;0.5041517525101625
2026-06-18;105.0;put;2.53;0.4414717638281563
2026-06-18;110.0;call;94.2;0.49299622978786606
2026-06-18;110.0;put;2.96;0.432287314777491
2026-06-18;115.0;call;90.03;0.4853774441861739
2026-06-18;115.0;put;3.4;0.4219174882394608
2026-06-18;120.0;call;85.65;0.47046172630319505
2026-06-18;120.0;put;3.95;0.41378218179172066
2026-06-18;125.0;call;81.47;0.46005723727952047
2026-06-18;125.0;put;4.5;0.4040728834904693
2026-06-18;130.0;call;77.28;0.4483244742360191
2026-06-18;130.0;put;5.17;0.3962350840005015
2026-06-18;135.0;call;73.38;0.441935582259227
2026-06-18;135.0;put;5.92;0.3887838300193736
2026-06-18;140.0;call;69.3;0.430387116561847
2026-06-18;140.0;put;6.7;0.38046682251902253
2026-06-18;145.0;call;65.43;0.4219067381586441
2026-06-18;145.0;put;7.62;0.3736127407838415
2026-06-18;150.0;call;61.58;0.4125541667691225
2026-06-18;150.0;put;8.62;0.366721698379508
2026-06-18;155.0;call;57.9;0.40492556591203666
2026-06-18;155.0;put;9.72;0.36007838454921914
2026-06-18;160.0;call;54.42;0.3991752320456286
2026-06-18;160.0;put;10.9;0.35324159425982293
2026-06-18;165.0;call;50.75;0.3891200217023432
2026-06-18;165.0;put;12.3;0.34833892941098443
2026-06-18;170.0;call;47.38;0.3823380966900938
2026-06-18;170.0;put;13.65;0.3410531235836457
2026-06-18;175.0;call;44.05;0.37478199207339175
2026-06-18;175.0;put;15.18;0.3348780806379833
2026-06-18;180.0;call;40.98;0.369429399260687
2026-06-18;180.0;put;16.92;0.3300160027192043
2026-06-18;185.0;call;37.75;0.3605907674699741
2026-06-18;185.0;put;18.77;0.324977276892482
2026-06-18;190.0;call;35.05;0.35721483765771556
2026-06-18;190.0;put;20.6;0.3181028302171012
2026-06-18;195.0;call;32.08;0.3490123091159564
2026-06-18;195.0;put;22.75;0.3136718354519052
2026-06-18;200.0;call;29.4;0.34302448079059766
2026-06-18;200.0;put;25.02;0.30907723473430215
2026-06-18;205.0;call;26.85;0.337195657775213
2026-06-18;205.0;put;27.33;0.30335217373930706
2026-06-18;210.0;call;24.5;0.3323293372231188
2026-06-18;210.0;put;29.95;0.29971023715363926
2026-06-18;215.0;call;22.17;0.3262604525122703
2026-06-18;215.0;put;32.75;0.2965789839080937
2026-06-18;220.0;call;19.98;0.3204036293391731
2026-06-18;220.0;put;35.47;0.29087141851740544
2026-06-18;225.0;call;18.07;0.3164281944860796
2026-06-18;225.0;put;38.53;0.287609343580049
2026-06-18;230.0;call;16.15;0.31086723464676014
2026-06-18;230.0;put;41.95;0.2871673495982847
2026-06-18;235.0;call;14.48;0.30688234100766665
2026-06-18;235.0;put;45.08;0.2815759582913746
2026-06-18;240.0;call;12.85;0.3019203112281402
2026-06-18;240.0;put;48.58;0.27905736859661084
2026-06-18;245.0;call;11.4;0.297764101954894
2026-06-18;245.0;put;52.5;0.28063729879083105
2026-06-18;250.0;call;10.03;0.29316560239882594
2026-06-18;250.0;put;56.3;0.2793124745492479
2026-06-18;255.0;call;8.85;0.289678297753835
2026-06-18;255.0;put;60.55;0.28310783594261807
2026-06-18;260.0;call;7.78;0.28631857374454867
2026-06-18;260.0;put;64.85;0.28671007799937503
2026-06-18;265.0;call;6.83;0.2833329861008323
2026-06-18;265.0;put;68.5;0.27924079293612836
2026-06-18;270.0;call;5.97;0.28036615208395577
2026-06-18;270.0;put;73.78;0.29654010715294404
2026-06-18;275.0;call;5.22;0.27786401896933327
2026-06-18;275.0;put;78.33;0.30181383080775814
2026-06-18;280.0;call;4.55;0.2754507045286167
2026-06-18;280.0;put;82.85;0.3060007268867286
2026-06-18;285.0;call;3.95;0.2730465782215564
2026-06-18;285.0;put;87.78;0.3166587968588251
2026-06-18;290.0;call;3.47;0.2718581144073427
2026-06-18;290.0;put;93.4;0.3387141961707268
2026-06-18;300.0;call;2.65;0.26925148315725217
2026-06-18;300.0;put;103.08;0.35587061794285874
2026-06-18;310.0;call;2.02;0.2671576883655629
2026-06-18;310.0;put;112.8;0.3726634307605303
2026-06-18;320.0;call;1.57;0.2666130954656734
2026-06-18;320.0;put;122.85;0.3943690638999354
2026-06-18;330.0;call;1.23;0.2666507410352744
2026-06-18;330.0;put;132.78;0.41325809314411055
2026-06-18;340.0;call;0.98;0.26755614634103153
2026-06-18;340.0;put;142.9;0.43484890995437203
2026-06-18;350.0;call;0.78;0.2683535447937921
2026-06-18;350.0;put;153.0;0.45548877281522937
2026-06-18;360.0;call;0.64;0.27038394021649026
2026-06-18;360.0;put;163.1;0.47557143006409286
2026-06-18;370.0;call;0.51;0.2710467040205597
2026-06-18;370.0;put;173.25;0.4960060218037512
2026-06-18;380.0;call;0.46;0.2764724146607802
2026-06-18;380.0;put;183.18;0.5121101890319036
2026-06-18;390.0;call;0.33;0.2729009665278312
2026-06-18;390.0;put;192.98;0.525468920696902
2026-12-18;5.0;put;0.01;0.944980403136184
2026-12-18;10.0;put;0.08;0.9255613908232737
2026-12-18;15.0;put;0.12;0.8308867965921884
2026-12-18;20.0;put;0.19;0.7780629376101083
2026-12-18;25.0;put;0.24;0.7225946575651723
2026-12-18;30.0;call;168.15;0.6175668062274392
2026-12-18;30.0;put;0.28;0.672509985940057
2026-12-18;35.0;call;163.35;0.5806848225579433
2026-12-18;35.0;put;0.32;0.6296645511823215
2026-12-18;40.0;call;158.8;0.6128027740520694
2026-12-18;40.0;put;0.39;0.599049470000767
2026-12-18;45.0;call;154.18;0.6045127280967472
2026-12-18;45.0;put;0.47;0.572231242943696
2026-12-18;50.0;call;149.68;0.6044155211885918
2026-12-18;50.0;put;0.56;0.5481908610520607
2026-12-18;60.0;call;140.5;0.5709672599030154
2026-12-18;60.0;put;0.82;0.5115195997919076
2026-12-18;70.0;call;131.45;0.5423645323808826
2026-12-18;70.0;put;1.16;0.4805774232139403
2026-12-18;80.0;call;122.47;0.5137532953129552
2026-12-18;80.0;put;1.61;0.4545355077283593
2026-12-18;85.0;call;118.25;0.5094557248434926
2026-12-18;85.0;put;1.91;0.44428190710803894
2026-12-18;90.0;call;113.9;0.49801550748887236
2026-12-18;90.0;put;2.21;0.432783162418042
2026-12-18;95.0;call;109.4;0.48080919005813316
2026-12-18;95.0;put;2.58;0.42329393561797396
2026-12-18;100.0;call;105.05;0.4682589425222824
2026-12-18;100.0;put;3.04;0.4158882616690776
2026-12-18;105.0;call;100.93;0.461443044437204
2026-12-18;105.0;put;3.48;0.40636712130199265
2026-12-18;110.0;call;96.78;0.45247505820417966
2026-12-18;110.0;put;4.05;0.3996418280980952
2026-12-18;115.0;call;92.68;0.44367378080285425
2026-12-18;115.0;put;4.62;0.39151195657635507
2026-12-18;120.0;call;88.67;0.43583191146276923
2026-12-18;120.0;put;5.3;0.38491766064526306
2026-12-18;125.0;call;84.72;0.428142948038837
2026-12-18;125.0;put;6.05;0.37856760109536297
2026-12-18;130.0;call;80.83;0.42055726160255336
2026-12-18;130.0;put;6.85;0.37196354330125936
2026-12-18;135.0;call;77.03;0.413547060138807
2026-12-18;135.0;put;7.72;0.36549040496881113
2026-12-18;140.0;call;73.28;0.4063464112804868
2026-12-18;140.0;put;8.73;0.36027952658558
2026-12-18;145.0;call;69.57;0.39881373115656354
2026-12-18;145.0;put;9.8;0.35476396891595263
2026-12-18;150.0;call;65.92;0.3912649840958895
2026-12-18;150.0;put;10.95;0.3492638003719054
2026-12-18;155.0;call;62.5;0.3860015542759568
2026-12-18;155.0;put;12.2;0.3440239891773753
2026-12-18;160.0;call;59.1;0.3799460319425589
2026-12-18;160.0;put;13.6;0.3396386679758251
2026-12-18;165.0;call;55.77;0.37380556072201715
2026-12-18;165.0;put;15.03;0.33442510167011325
2026-12-18;170.0;call;52.58;0.3684100887507755
2026-12-18;170.0;put;16.52;0.3288328377705799
2026-12-18;175.0;call;49.4;0.3621517196236742
2026-12-18;175.0;put;18.17;0.3240476946513993
2026-12-18;180.0;call;46.38;0.3567801208168666
2026-12-18;180.0;put;19.98;0.3199531140293085
2026-12-18;185.0;call;43.58;0.35285302792373174
2026-12-18;185.0;put;21.93;0.3162429420752021
2026-12-18;190.0;call;40.7;0.3470508278101083
2026-12-18;190.0;put;23.88;0.3113821637054965
2026-12-18;195.0;call;38.08;0.34303558014279545
2026-12-18;195.0;put;26.05;0.3077276548329454
2026-12-18;200.0;call;35.45;0.3379256383563249
2026-12-18;200.0;put;28.35;0.3042748738257619
2026-12-18;210.0;call;30.58;0.32877543453648966
2026-12-18;210.0;put;33.22;0.29673609625102304
2026-12-18;220.0;call;26.12;0.3198491068609958
2026-12-18;220.0;put;38.7;0.29086018603934893
2026-12-18;230.0;call;22.15;0.31191238971102686
2026-12-18;230.0;put;44.75;0.2863190393003306
2026-12-18;240.0;call;18.6;0.30430997796946824
2026-12-18;240.0;put;51.83;0.28807912566035004
2026-12-18;250.0;call;15.5;0.29746131543558096
2026-12-18;250.0;put;58.58;0.28264977852220724
2026-12-18;260.0;call;12.82;0.29126742868898314
2026-12-18;260.0;put;66.28;0.2837411110400663
2026-12-18;270.0;call;10.55;0.2859286576417935
2026-12-18;270.0;put;75.0;0.29352531901415874
2026-12-18;280.0;call;8.62;0.28102061492286673
2026-12-18;280.0;put;84.0;0.30465246757841297
2026-12-18;290.0;call;7.03;0.27699096744310014
2026-12-18;290.0;put;93.25;0.3172685630352965
2026-12-18;300.0;call;5.72;0.27358293258280797
2026-12-18;300.0;put;103.05;0.3355513787724379
2026-12-18;310.0;call;4.65;0.2707637710043142
2026-12-18;310.0;put;112.97;0.3544985496568495
2026-12-18;320.0;call;3.8;0.2688322859728685
2026-12-18;320.0;put;122.95;0.3734734717563662
2026-12-18;330.0;call;3.12;0.26754365711842276
2026-12-18;330.0;put;133.1;0.39394816168345514
2026-12-18;340.0;call;2.54;0.2659518268752396
2026-12-18;340.0;put;142.8;0.40811304299860957
2026-12-18;350.0;call;2.08;0.26493063292320496
2026-12-18;350.0;put;153.02;0.4283467617389982
2026-12-18;360.0;call;1.77;0.2660878178128028
2026-12-18;360.0;put;163.05;0.44565293671145834
2026-12-18;370.0;call;1.46;0.2655600873108281
2026-12-18;370.0;put;172.95;0.4608336992549988
2026-12-18;380.0;call;1.24;0.2664815716196037
2026-12-18;380.0;put;183.05;0.4781243166011442
2026-12-18;390.0;call;1.06;0.2676080304310725
2026-12-18;390.0;put;193.03;0.49347817589911286
2026-12-18;400.0;call;0.92;0.2692941066957918
2026-12-18;400.0;put;203.05;0.5089575484186286
2026-12-18;410.0;call;0.79;0.2703798037996067
2026-12-18;410.0;put;213.05;0.5238230726037078
2026-12-18;420.0;call;0.7;0.2726516204527663
2026-12-18;420.0;put;223.05;0.5383499947429385
2026-12-18;430.0;call;0.61;0.27408504757123026
2026-12-18;430.0;put;233.05;0.5525574145947052
2026-12-18;440.0;call;0.55;0.2767264998360989
2026-12-18;440.0;put;243.05;0.5664627431055039
2026-12-18;450.0;call;0.49;0.27873584553727443
2026-12-18;450.0;put;253.05;0.58008190914313
2027-01-15;5.0;put;0.06;1.1040423153720158
2027-01-15;10.0;put;0.08;0.9053977405642077
2027-01-15;15.0;put;0.09;0.7857468674628384
2027-01-15;20.0;put;0.21;0.7713379448663762
2027-01-15;25.0;put;0.25;0.7109573127018145
2027-01-15;30.0;call;168.12;0.5459014559966912
2027-01-15;30.0;put;0.27;0.6547780787998765
2027-01-15;35.0;call;163.55;0.6130878164413474
2027-01-15;35.0;put;0.34;0.6215501677751808
2027-01-15;40.0;call;158.8;0.5837215631816389
2027-01-15;40.0;put;0.41;0.5906452410479964
2027-01-15;45.0;call;154.3;0.5968402158824871
2027-01-15;45.0;put;0.49;0.5636875440616232
2027-01-15;50.0;call;149.78;0.5922832862743367
2027-01-15;50.0;put;0.62;0.5454844560165111
2027-01-15;60.0;call;140.57;0.5556591284324695
2027-01-15;60.0;put;0.86;0.5049941891586397
2027-01-15;70.0;call;131.53;0.5280965910550992
2027-01-15;70.0;put;1.21;0.4744168845603487
2027-01-15;80.0;call;122.6;0.5022267915584238
2027-01-15;80.0;put;1.69;0.44976800352213525
2027-01-15;85.0;call;118.57;0.5051280819154029
2027-01-15;85.0;put;1.99;0.4391733215116841
2027-01-15;90.0;call;114.17;0.49131246760810926
2027-01-15;90.0;put;2.32;0.4288118584347639
2027-01-15;95.0;call;109.82;0.4786673606437322
2027-01-15;95.0;put;2.7;0.4193900281010475
2027-01-15;100.0;call;105.53;0.4672170702325629
2027-01-15;100.0;put;3.15;0.4112970415369251
2027-01-15;105.0;call;101.35;0.4579936700337329
2027-01-15;105.0;put;3.65;0.40348903916269047
2027-01-15;110.0;call;97.22;0.4490264830450217
2027-01-15;110.0;put;4.17;0.3950185583519109
2027-01-15;115.0;call;93.15;0.4404704503167074
2027-01-15;115.0;put;4.8;0.38830720168727223
2027-01-15;120.0;call;89.17;0.432837432079079
2027-01-15;120.0;put;5.5;0.3819437759157614
2027-01-15;125.0;call;85.2;0.424402486529849
2027-01-15;125.0;put;6.25;0.37538322461272483
2027-01-15;130.0;call;81.38;0.41778896633367046
2027-01-15;130.0;put;7.08;0.3692138478540555
2027-01-15;135.0;call;77.55;0.409981103560057
2027-01-15;135.0;put;7.95;0.3625971185231306
2027-01-15;140.0;call;73.85;0.40335921381060996
2027-01-15;140.0;put;8.95;0.35708886561102515
2027-01-15;145.0;call;70.33;0.3984440478747271
2027-01-15;145.0;put;10.05;0.3519705396022835
2027-01-15;150.0;call;66.65;0.3901918570614023
2027-01-15;150.0;put;11.23;0.3468453517443953
2027-01-15;155.0;call;63.33;0.38599971803290345
2027-01-15;155.0;put;12.47;0.341407680571753
2027-01-15;160.0;call;59.77;0.37765541617201165
2027-01-15;160.0;put;13.9;0.3373755822946082
2027-01-15;165.0;call;56.6;0.37335663032372823
2027-01-15;165.0;put;15.28;0.3315309886104707
2027-01-15;170.0;call;53.42;0.367911222999717
2027-01-15;170.0;put;16.93;0.32789974046741005
2027-01-15;175.0;call;50.28;0.36199587637305736
2027-01-15;175.0;put;18.52;0.3224141558104205
2027-01-15;180.0;call;47.25;0.3564083287403359
2027-01-15;180.0;put;20.33;0.3183475313669868
2027-01-15;185.0;call;44.3;0.35078101544978996
2027-01-15;185.0;put;22.15;0.31329282901283895
2027-01-15;190.0;call;41.6;0.3468745748964727
2027-01-15;190.0;put;24.17;0.30929517112516053
2027-01-15;195.0;call;38.7;0.3399633388729172
2027-01-15;195.0;put;26.38;0.30615889927357104
2027-01-15;200.0;call;36.12;0.33542569148093904
2027-01-15;200.0;put;28.68;0.30282689471855395
2027-01-15;210.0;call;31.35;0.3274192136336645
2027-01-15;210.0;put;33.62;0.2962966534355982
2027-01-15;220.0;call;26.9;0.3188205651405624
2027-01-15;220.0;put;38.97;0.28954281140925503
2027-01-15;230.0;call;22.85;0.3104108683214832
2027-01-15;230.0;put;45.08;0.2860396577965401
2027-01-15;240.0;call;19.4;0.304181121747978
2027-01-15;240.0;put;51.47;0.2813099270248977
2027-01-15;250.0;call;16.2;0.2968043159487993
2027-01-15;250.0;put;58.73;0.28159916835007703
2027-01-15;260.0;call;13.57;0.29169140684084566
2027-01-15;260.0;put;66.82;0.28740939010126776
2027-01-15;270.0;call;11.2;0.28589316796189695
2027-01-15;270.0;put;75.17;0.2935163975233863
2027-01-15;280.0;call;9.2;0.28085275795903275
2027-01-15;280.0;put;84.08;0.3038670723861459
2027-01-15;290.0;call;7.65;0.2780948501285813
2027-01-15;290.0;put;93.33;0.3166546547795719
2027-01-15;300.0;call;6.25;0.2743048908262733
2027-01-15;300.0;put;102.92;0.33234690428758845
2027-01-15;310.0;call;5.08;0.27081430326185985
2027-01-15;310.0;put;113.0;0.35309584006485195
2027-01-15;320.0;call;4.2;0.2691991047035205
2027-01-15;320.0;put;123.07;0.3730180217145846
2027-01-15;330.0;call;3.45;0.2674190596410931
2027-01-15;330.0;put;133.03;0.39095963644526793
2027-01-15;340.0;call;2.82;0.2656119925859776
2027-01-15;340.0;put;142.98;0.40818474981376185
2027-01-15;350.0;call;2.33;0.26469420571195384
2027-01-15;350.0;put;153.0;0.4257208516274384
2027-01-15;360.0;call;1.94;0.26432104074734214
2027-01-15;360.0;put;163.03;0.4428783206645847
2027-01-15;370.0;call;1.66;0.2654014637430825
2027-01-15;370.0;put;173.05;0.45944861359042155
2027-01-15;380.0;call;1.37;0.26460669853835667
2027-01-15;380.0;put;183.03;0.47509723852479
2027-01-15;390.0;call;1.17;0.2654718430955607
2027-01-15;390.0;put;193.05;0.4908303729142158
2027-01-15;400.0;call;1.0;0.2662866951675033
2027-01-15;400.0;put;203.05;0.5059405992042832
2027-01-15;410.0;call;0.86;0.26728398911460116
2027-01-15;410.0;put;213.05;0.5206953357625252
2027-01-15;420.0;call;0.76;0.2693098390682957
2027-01-15;420.0;put;223.05;0.535115427827938
2027-01-15;430.0;call;0.67;0.27108061445488724
2027-01-15;430.0;put;233.05;0.5492197984894679
2027-01-15;440.0;call;0.6;0.2733297834300165
2027-01-15;440.0;put;243.05;0.5630256945892411
2027-01-15;450.0;call;0.54;0.2756149211874587
2027-01-15;450.0;put;253.05;0.5765488923085963
2027-06-17;50.0;call;150.0;0.5011755509455909
2027-06-17;50.0;put;0.76;0.510124206051952
2027-06-17;55.0;call;145.72;0.5158313507245029
2027-06-17;55.0;put;0.91;0.4923674832224145
2027-06-17;60.0;call;141.23;0.504068728810364
2027-06-17;60.0;put;1.08;0.47620972232460945
2027-06-17;65.0;call;137.02;0.5070524488813491
2027-06-17;65.0;put;1.27;0.461249261158686
2027-06-17;70.0;call;132.5;0.4895812596109116
2027-06-17;70.0;put;1.5;0.4484382730836478
2027-06-17;75.0;call;128.0;0.47327588480431476
2027-06-17;75.0;put;1.79;0.43816668340827586
2027-06-17;80.0;call;123.78;0.468155263701263
2027-06-17;80.0;put;2.09;0.42726422732555813
2027-06-17;85.0;call;119.5;0.4588899252989306
2027-06-17;85.0;put;2.45;0.41802579023664826
2027-06-17;90.0;call;115.25;0.44953240199063527
2027-06-17;90.0;put;2.85;0.4092094462816341
2027-06-17;95.0;call;111.07;0.4412422828084387
2027-06-17;95.0;put;3.27;0.40004634794519234
2027-06-17;100.0;call;107.62;0.4500338120821607
2027-06-17;100.0;put;3.77;0.3923796439320647
2027-06-17;105.0;call;103.0;0.4286698860477666
2027-06-17;105.0;put;4.32;0.38499809729038165
2027-06-17;110.0;call;99.0;0.4214201630716703
2027-06-17;110.0;put;4.9;0.37733644065098576
2027-06-17;115.0;call;95.12;0.41559269618433486
2027-06-17;115.0;put;5.65;0.3724761242267951
2027-06-17;120.0;call;91.7;0.4169354467079801
2027-06-17;120.0;put;6.4;0.366342443611221
2027-06-17;125.0;call;86.95;0.39404932158328343
2027-06-17;125.0;put;7.25;0.36102628939119424
2027-06-17;130.0;call;83.62;0.3947643534389269
2027-06-17;130.0;put;8.12;0.3549774685273815
2027-06-17;135.0;call;80.0;0.38947422986170693
2027-06-17;135.0;put;9.1;0.34973591034524765
2027-06-17;140.0;call;76.03;0.37837086113397206
2027-06-17;140.0;put;10.22;0.3455623807065747
2027-06-17;145.0;call;72.72;0.37575762451201417
2027-06-17;145.0;put;11.32;0.34003768592122485
2027-06-17;150.0;call;69.4;0.3718986534779756
2027-06-17;150.0;put;12.52;0.33493057742243004
2027-06-17;155.0;call;66.15;0.3679285291860377
2027-06-17;155.0;put;15.03;0.3449755986368037
2027-06-17;160.0;call;63.75;0.3727935225429337
2027-06-17;160.0;put;15.32;0.3268128785307105
2027-06-17;165.0;call;59.12;0.3515193609254
2027-06-17;165.0;put;16.88;0.3231277474852494
2027-06-17;170.0;call;57.2;0.3594724372182914
2027-06-17;170.0;put;19.48;0.32963752468450275
2027-06-17;175.0;call;52.8;0.3402910631840814
2027-06-17;175.0;put;20.27;0.3157799751611156
2027-06-17;180.0;call;50.98;0.34696722549244297
2027-06-17;180.0;put;22.07;0.3117970167329157
2027-06-17;185.0;call;48.2;0.3429363866759402
2027-06-17;185.0;put;24.05;0.3086891221494749
2027-06-17;190.0;call;45.3;0.3369992368909105
2027-06-17;190.0;put;26.1;0.30533869711033856
2027-06-17;195.0;call;42.5;0.33131352696641003
2027-06-17;195.0;put;28.25;0.3020381472942053
2027-06-17;200.0;call;40.3;0.3304035521130202
2027-06-17;200.0;put;30.5;0.2987824106500972
2027-06-17;210.0;call;34.52;0.3138837516320043
2027-06-17;210.0;put;35.45;0.2937197883538451
2027-06-17;220.0;call;29.93;0.30511596795597534
2027-06-17;220.0;put;40.92;0.2898361631016614
2027-06-17;230.0;call;26.98;0.3076099203074132
2027-06-17;230.0;put;46.83;0.2865159835569784
2027-06-17;240.0;call;23.38;0.30154426544390767
2027-06-17;240.0;put;53.12;0.2833961063307629
2027-06-17;250.0;call;20.02;0.29473879898339744
2027-06-17;250.0;put;60.38;0.28596213512922386
2027-06-17;260.0;call;17.5;0.2927155686730702
2027-06-17;260.0;put;67.7;0.2865195497632818
2027-06-17;270.0;call;14.82;0.28660325889866967
2027-06-17;270.0;put;76.1;0.2948585661974415
2027-06-17;280.0;call;12.35;0.2797121536412608
2027-06-17;280.0;put;84.53;0.3017669595305697
2027-06-17;290.0;call;10.35;0.27480423888295474
2027-06-17;290.0;put;93.45;0.31198515106730185
2027-06-17;300.0;call;9.0;0.2745089634357925
2027-06-17;300.0;put;102.92;0.3265771944102705
2027-06-17;310.0;call;7.62;0.27179047983374605
2027-06-17;310.0;put;112.53;0.3417343077788786
2027-06-17;320.0;call;6.5;0.270139528110912
2027-06-17;320.0;put;122.7;0.3618780648582323
2027-06-17;330.0;call;5.47;0.26766734991866165
2027-06-17;330.0;put;133.1;0.38374086716600514
2027-06-17;340.0;call;4.65;0.2662774802842828
2027-06-17;340.0;put;142.88;0.3987536323802231
2027-06-17;350.0;call;3.92;0.2645023864703009
2027-06-17;350.0;put;153.0;0.41669891269558085
2027-06-17;360.0;call;3.35;0.26380453982306734
2027-06-17;360.0;put;162.95;0.43244000275152183
2027-06-17;370.0;call;2.87;0.2633270825500797
2027-06-17;370.0;put;173.0;0.4487547955588855
2027-06-17;380.0;call;2.46;0.26291963811852925
2027-06-17;380.0;put;183.0;0.4641506501986248
2027-06-17;390.0;call;2.1;0.26232606895040217
2027-06-17;390.0;put;193.0;0.479163089060854
2027-06-17;400.0;call;1.81;0.26226277807564885
2027-06-17;400.0;put;203.0;0.493816775605492
2027-06-17;410.0;call;1.56;0.262188895951898
2027-06-17;410.0;put;213.0;0.5081338668649639
2027-06-17;420.0;call;1.36;0.262632885795937
2027-06-17;420.0;put;223.0;0.522134368308611
2027-06-17;430.0;call;1.19;0.2631867954493901
2027-06-17;430.0;put;233.0;0.5358364243876137
2027-06-17;440.0;call;1.04;0.2636285340201788
2027-06-17;440.0;put;243.0;0.5492565588464025
2027-06-17;450.0;call;0.96;0.2663019456304922
2027-06-17;450.0;put;253.0;0.5624098753104839
2027-12-17;50.0;call;150.53;0.45335834175107453
2027-12-17;50.0;put;0.89;0.4757908077371432
2027-12-17;55.0;call;146.5;0.4816546534678965
2027-12-17;55.0;put;1.14;0.4658740845581531
2027-12-17;60.0;call;142.0;0.46521378477085396
2027-12-17;60.0;put;1.39;0.4540851466598905
2027-12-17;65.0;call;137.55;0.4516243925935298
2027-12-17;65.0;put;1.63;0.4407570797228005
2027-12-17;70.0;call;133.5;0.4556522714869459
2027-12-17;70.0;put;1.92;0.4295333090961861
2027-12-17;75.0;call;129.22;0.4463286394894812
2027-12-17;75.0;put;2.31;0.4218936196533933
2027-12-17;80.0;call;124.97;0.43704586316229876
2027-12-17;80.0;put;2.59;0.40876746615266785
2027-12-17;85.0;call;120.97;0.434367847567105
2027-12-17;85.0;put;3.05;0.401679167355677
2027-12-17;90.0;call;117.03;0.4312047466434242
2027-12-17;90.0;put;3.6;0.39609851162207277
2027-12-17;95.0;call;113.2;0.42885875997918893
2027-12-17;95.0;put;4.17;0.3897024270803792
2027-12-17;100.0;call;109.0;0.41683943302160276
2027-12-17;100.0;put;4.72;0.38175873730515697
2027-12-17;105.0;call;104.92;0.4071271916745012
2027-12-17;105.0;put;5.18;0.3711199430499436
2027-12-17;110.0;call;101.38;0.4069721072331592
2027-12-17;110.0;put;6.15;0.3705396591564279
2027-12-17;115.0;call;97.95;0.40692235235784197
2027-12-17;115.0;put;6.78;0.3619356263046821
2027-12-17;120.0;call;93.45;0.38841484048393055
2027-12-17;120.0;put;7.62;0.3564520271018325
2027-12-17;125.0;call;90.18;0.3889630589705513
2027-12-17;125.0;put;8.5;0.3507387500322008
2027-12-17;130.0;call;86.45;0.3815969859583047
2027-12-17;130.0;put;9.7;0.3489476538026452
2027-12-17;135.0;call;82.8;0.3747629521992619
2027-12-17;135.0;put;10.8;0.3445393429535864
2027-12-17;140.0;call;79.9;0.3767149952017618
2027-12-17;140.0;put;11.52;0.33434107757936854
2027-12-17;145.0;call;76.78;0.3746568149620739
2027-12-17;145.0;put;12.95;0.33265292345653913
2027-12-17;150.0;call;73.67;0.3717654377537099
2027-12-17;150.0;put;14.5;0.3312660763821613
2027-12-17;155.0;call;69.8;0.3598545849947798
2027-12-17;155.0;put;15.75;0.325511665249531
2027-12-17;160.0;call;66.75;0.35635623499589075
2027-12-17;160.0;put;17.43;0.32366650615726844
2027-12-17;165.0;call;64.03;0.3554237147811185
2027-12-17;165.0;put;18.42;0.31391395660799554
2027-12-17;170.0;call;59.97;0.340681738016343
2027-12-17;170.0;put;20.48;0.31427570467326654
2027-12-17;175.0;call;58.25;0.3478462223318608
2027-12-17;175.0;put;22.33;0.3116368846724897
2027-12-17;180.0;call;55.28;0.3423702446013269
2027-12-17;180.0;put;23.75;0.3043013610566035
2027-12-17;185.0;call;52.28;0.3360905627184287
2027-12-17;185.0;put;25.9;0.3029204003733975
2027-12-17;190.0;call;49.7;0.3329422157509101
2027-12-17;190.0;put;27.77;0.2983121006712773
2027-12-17;195.0;call;47.95;0.336189076353638
2027-12-17;195.0;put;30.32;0.2987901263024002
2027-12-17;200.0;call;44.88;0.3276050562137882
2027-12-17;200.0;put;32.58;0.29603548406023145
2027-12-17;205.0;call;43.03;0.3285850168401179
2027-12-17;205.0;put;34.88;0.29291610406818397
2027-12-17;210.0;call;40.5;0.3233660448161208
2027-12-17;210.0;put;37.17;0.28904912229066504
2027-12-17;215.0;call;37.45;0.3134655473640988
2027-12-17;215.0;put;40.05;0.2892235489761507
2027-12-17;220.0;call;35.35;0.3106284040714778
2027-12-17;220.0;put;42.52;0.28546188870224404
2027-12-17;225.0;call;33.45;0.3087793962695026
2027-12-17;225.0;put;45.73;0.286869922633101
2027-12-17;230.0;call;31.15;0.3032123041984611
2027-12-17;230.0;put;48.38;0.283237203659894
2027-12-17;235.0;call;29.73;0.30396882896750005
2027-12-17;235.0;put;51.88;0.285633213984721
2027-12-17;240.0;call;28.1;0.30251808909550776
2027-12-17;240.0;put;55.02;0.2846115392339509
2027-12-17;245.0;call;26.32;0.29934218294199355
2027-12-17;245.0;put;58.42;0.2850515951726872
2027-12-17;250.0;call;24.65;0.2964819509038268
2027-12-17;250.0;put;61.85;0.2851780798644032
2027-12-17;255.0;call;23.0;0.29323383261229946
2027-12-17;255.0;put;65.38;0.28556969236640445
2027-12-17;260.0;call;21.42;0.28999492311355407
2027-12-17;260.0;put;69.5;0.2901954822227424
2027-12-17;265.0;call;19.98;0.2873391695961664
2027-12-17;265.0;put;72.3;0.28370235272642974
2027-12-17;270.0;call;18.85;0.286695559988425
2027-12-17;270.0;put;76.5;0.2880971152227281
2027-12-17;275.0;call;17.8;0.28624382625815764
2027-12-17;275.0;put;81.5;0.29873998506191035
2027-12-17;280.0;call;16.32;0.28168732532031027
2027-12-17;280.0;put;85.53;0.30107959286765457
2027-12-17;285.0;call;15.2;0.2796466165668506
2027-12-17;285.0;put;89.78;0.3049192997285404
2027-12-17;290.0;call;14.88;0.28415446960034463
2027-12-17;290.0;put;94.17;0.3096474489117634
2027-12-17;295.0;call;13.82;0.2817962194180036
2027-12-17;295.0;put;98.72;0.3154786204269699
2027-12-17;300.0;call;13.6;0.28660673850382234
2027-12-17;300.0;put;103.45;0.322625649346088
2027-12-17;305.0;call;11.73;0.27583846941939805
2027-12-17;305.0;put;108.35;0.3310370845688001
2027-12-17;310.0;call;10.57;0.27091548244796493
2027-12-17;310.0;put;113.32;0.3398754545946862
2027-12-17;315.0;call;10.07;0.2719820963860136
2027-12-17;315.0;put;117.88;0.3450091767648094
2027-12-17;320.0;call;9.2;0.26891824282964405
2027-12-17;320.0;put;122.95;0.35439011582061364
2027-12-17;325.0;call;8.82;0.2705498915647737
2027-12-17;325.0;put;128.0;0.3634517204984634
2027-12-17;330.0;call;8.23;0.26963258712211546
2027-12-17;330.0;put;132.98;0.37176727415864363
2027-12-17;335.0;call;7.45;0.26615984104970924
2027-12-17;335.0;put;138.03;0.3805557446410305
2027-12-17;340.0;call;6.67;0.2620818393346454
2027-12-17;340.0;put;142.97;0.38826287635847606
2027-12-17;345.0;call;6.47;0.2645651061356506
2027-12-17;345.0;put;148.0;0.3966278243168232
2027-12-17;350.0;call;5.4;0.2556456161555407
2027-12-17;350.0;put;153.0;0.40461514002043003
2027-12-17;355.0;call;5.78;0.26526239596953044
2027-12-17;355.0;put;158.0;0.4124896512359614
2027-12-17;360.0;call;5.18;0.2617215270706189
2027-12-17;360.0;put;163.0;0.420255724542682
2027-12-17;365.0;call;5.03;0.26400414530429883
2027-12-17;365.0;put;168.0;0.42791744889001715
2027-12-17;370.0;call;4.62;0.2623597203688386
2027-12-17;370.0;put;173.0;0.4354786609879213
2027-12-17;375.0;call;4.2;0.26014225659659135
2027-12-17;375.0;put;178.0;0.44294296766111924
2027-12-17;380.0;call;3.92;0.25972077075658434
2027-12-17;380.0;put;183.0;0.45031376561205716
2027-12-17;385.0;call;3.82;0.26200038546531923
2027-12-17;385.0;put;188.0;0.4575942589610873
2027-12-17;390.0;call;3.45;0.2595436379106388
2027-12-17;390.0;put;193.0;0.4647874748708873
2027-12-17;395.0;call;3.47;0.26361359392140454
2027-12-17;395.0;put;198.0;0.4718962775123287
2027-12-17;400.0;call;3.16;0.26167306739637464
2027-12-17;400.0;put;203.0;0.4789233805883889
2027-12-17;405.0;call;2.95;0.2612472249656144
2027-12-17;405.0;put;208.0;0.48587135859940594
2027-12-17;410.0;call;2.8;0.26175964881061026
2027-12-17;410.0;put;213.0;0.492742657005504
2027-12-17;415.0;call;2.57;0.26041828746431034
2027-12-17;415.0;put;218.0;0.499539601419274
2027-12-17;420.0;call;2.33;0.2584984974648086
2027-12-17;420.0;put;223.0;0.5062644059428051
2027-12-17;425.0;call;2.25;0.25989512713976476
2027-12-17;425.0;put;228.0;0.5129191807473423
2027-12-17;430.0;call;2.19;0.2616510991748977
2027-12-17;430.0;put;233.0;0.5195059389804467
2027-12-17;435.0;call;1.94;0.2586427308904078
2027-12-17;435.0;put;238.0;0.5260266030743276
2027-12-17;440.0;call;1.97;0.2624111658997411
2027-12-17;440.0;put;243.0;0.5324830105194167
